social-distance-percentage;10;10;10;10;10;10;10;10;10;10;10;10;10;10;10;25;25;25;25;25;25;25;25;25;25;25;25;25;25;25;50;50;50;50;50;50;50;50;50;50;50;50;50;50;50;75;75;75;75;75;75;75;75;75;75;75;75;75;75;75;100;100;100;100;100;100;100;100;100;100;100;100;100;100;100
[max];612;1;612;560;605;615;591;624;590;627;615;586;570;607;584;580;566;611;606;607;601;572;556;586;579;576;589;630;588;543;559;563;574;555;535;572;537;589;576;555;531;553;565;574;556;539;546;548;542;523;522;530;557;541;519;529;548;530;544;547;548;513;528;513;524;519;515;548;529;521;1;533;515;521;509
[steps];514;57;368;615;520;420;499;514;538;329;554;449;346;588;603;472;392;429;358;403;432;284;312;426;294;344;302;348;480;368;307;336;276;253;347;362;340;330;386;439;344;360;337;408;331;260;208;220;304;273;270;210;239;251;257;244;315;261;240;336;277;204;218;176;246;210;238;196;254;252;57;389;204;223;208
;;;;;;;;;;;;;;;;;;;;;;;;;;;;;;;;;;;;;;;;;;;;;;;;;;;;;;;;;;;;;;;;;;;;;;;;;;;
[all run data];"count humans with [status = ""infected""]";"count humans with [status = ""infected""]";"count humans with [status = ""infected""]";"count humans with [status = ""infected""]";"count humans with [status = ""infected""]";"count humans with [status = ""infected""]";"count humans with [status = ""infected""]";"count humans with [status = ""infected""]";"count humans with [status = ""infected""]";"count humans with [status = ""infected""]";"count humans with [status = ""infected""]";"count humans with [status = ""infected""]";"count humans with [status = ""infected""]";"count humans with [status = ""infected""]";"count humans with [status = ""infected""]";"count humans with [status = ""infected""]";"count humans with [status = ""infected""]";"count humans with [status = ""infected""]";"count humans with [status = ""infected""]";"count humans with [status = ""infected""]";"count humans with [status = ""infected""]";"count humans with [status = ""infected""]";"count humans with [status = ""infected""]";"count humans with [status = ""infected""]";"count humans with [status = ""infected""]";"count humans with [status = ""infected""]";"count humans with [status = ""infected""]";"count humans with [status = ""infected""]";"count humans with [status = ""infected""]";"count humans with [status = ""infected""]";"count humans with [status = ""infected""]";"count humans with [status = ""infected""]";"count humans with [status = ""infected""]";"count humans with [status = ""infected""]";"count humans with [status = ""infected""]";"count humans with [status = ""infected""]";"count humans with [status = ""infected""]";"count humans with [status = ""infected""]";"count humans with [status = ""infected""]";"count humans with [status = ""infected""]";"count humans with [status = ""infected""]";"count humans with [status = ""infected""]";"count humans with [status = ""infected""]";"count humans with [status = ""infected""]";"count humans with [status = ""infected""]";"count humans with [status = ""infected""]";"count humans with [status = ""infected""]";"count humans with [status = ""infected""]";"count humans with [status = ""infected""]";"count humans with [status = ""infected""]";"count humans with [status = ""infected""]";"count humans with [status = ""infected""]";"count humans with [status = ""infected""]";"count humans with [status = ""infected""]";"count humans with [status = ""infected""]";"count humans with [status = ""infected""]";"count humans with [status = ""infected""]";"count humans with [status = ""infected""]";"count humans with [status = ""infected""]";"count humans with [status = ""infected""]";"count humans with [status = ""infected""]";"count humans with [status = ""infected""]";"count humans with [status = ""infected""]";"count humans with [status = ""infected""]";"count humans with [status = ""infected""]";"count humans with [status = ""infected""]";"count humans with [status = ""infected""]";"count humans with [status = ""infected""]";"count humans with [status = ""infected""]";"count humans with [status = ""infected""]";"count humans with [status = ""infected""]";"count humans with [status = ""infected""]";"count humans with [status = ""infected""]";"count humans with [status = ""infected""]";"count humans with [status = ""infected""]"
;1;1;1;1;1;1;1;1;1;1;1;1;1;1;1;1;1;1;1;1;1;1;1;1;1;1;1;1;1;1;1;1;1;1;1;1;1;1;1;1;1;1;1;1;1;1;1;1;1;1;1;1;1;1;1;1;1;1;1;1;1;1;1;1;1;1;1;1;1;1;1;1;1;1;1
;1;1;1;1;1;1;1;1;1;1;1;1;1;1;1;1;1;1;1;1;1;1;4;1;1;1;1;1;1;1;2;1;1;1;1;1;1;1;1;1;1;1;1;1;1;1;1;1;1;1;1;1;1;1;1;5;1;1;1;1;1;1;1;1;1;1;1;1;1;5;1;1;1;1;1
;1;1;1;1;1;1;1;1;1;1;3;1;1;1;1;1;1;1;1;1;1;1;4;2;1;1;1;1;1;2;2;1;1;2;1;1;1;1;1;1;1;1;1;3;1;1;1;1;1;1;1;1;1;1;1;5;1;1;1;1;1;1;1;1;1;1;1;1;1;5;1;1;1;1;1
;1;1;1;1;1;1;1;1;1;1;3;1;1;1;1;1;1;1;1;1;1;1;4;2;1;1;1;1;1;4;2;1;1;2;1;1;1;1;1;1;1;1;1;3;1;1;1;1;1;1;1;1;1;1;3;7;1;1;4;1;1;1;1;3;1;1;1;1;1;7;1;1;2;1;2
;1;1;1;1;1;1;1;1;1;1;3;1;2;1;1;1;1;1;1;1;1;1;4;2;1;1;1;1;1;4;2;1;1;2;1;1;3;1;1;1;1;1;1;3;1;1;1;1;1;1;1;1;1;1;3;10;1;1;6;1;1;1;1;3;1;1;1;1;1;7;1;1;2;1;2
;1;1;1;1;2;1;1;1;1;1;3;1;2;1;1;1;1;1;1;1;1;1;4;2;1;1;1;1;1;5;2;1;1;2;1;1;3;1;1;1;1;2;1;3;1;1;1;1;1;2;1;1;1;1;3;11;1;1;8;1;1;1;1;4;1;1;1;1;1;7;1;1;2;1;3
;1;1;1;1;2;1;1;1;1;1;3;1;3;1;1;1;1;1;1;1;1;1;4;2;1;1;1;1;2;5;2;1;1;2;1;1;3;1;1;1;1;2;1;3;5;1;1;1;1;2;1;1;1;1;3;14;1;1;18;1;1;3;1;5;1;1;1;1;1;7;1;1;2;1;3
;1;1;1;1;2;1;1;1;2;1;3;1;4;1;1;1;1;1;2;1;1;1;8;2;1;1;1;1;3;5;2;1;1;2;1;1;5;1;1;1;1;2;1;3;5;1;1;1;1;2;1;1;1;3;3;15;1;1;21;1;1;4;4;8;1;1;1;1;1;7;1;1;2;1;3
;1;1;1;1;2;2;1;1;2;1;3;1;6;1;1;1;1;1;2;1;1;1;8;2;1;1;1;1;5;5;2;1;1;2;1;1;5;1;1;1;1;4;1;3;5;1;1;1;1;2;1;1;1;3;3;16;1;4;24;1;1;5;4;9;3;2;1;1;1;10;1;1;2;1;3
;1;1;1;1;2;2;1;1;2;1;3;1;6;1;1;1;1;1;2;1;1;1;8;2;1;1;1;1;5;5;2;1;1;2;4;1;5;1;1;1;1;4;1;3;6;1;2;1;1;2;1;1;1;3;3;19;1;4;24;1;1;5;4;11;3;2;1;1;1;13;1;1;2;1;4
;1;1;1;1;3;2;1;1;2;1;3;2;6;1;1;1;1;1;2;1;1;1;8;2;1;1;1;1;6;5;2;1;1;2;4;1;6;1;1;1;1;4;1;3;6;1;2;1;2;2;1;1;1;3;4;20;1;5;28;1;1;5;4;13;3;2;1;1;1;13;1;1;2;1;4
;1;1;1;1;3;2;1;2;2;1;3;2;6;1;1;1;2;1;2;1;1;1;11;4;1;1;1;1;6;8;3;1;2;2;5;1;8;1;1;1;1;4;1;3;8;1;2;1;2;2;1;7;1;3;5;28;1;6;39;1;1;15;6;17;3;2;2;1;1;15;1;1;2;1;4
;1;1;1;5;3;2;1;2;2;1;6;2;6;1;1;1;2;1;2;1;1;1;12;4;1;1;1;1;6;8;3;2;2;2;5;1;10;1;1;1;1;4;1;3;8;1;2;1;2;3;2;7;1;3;5;34;1;6;46;1;1;15;6;20;3;2;2;1;1;16;1;1;7;1;4
;1;1;1;7;3;2;1;2;2;1;6;2;9;2;1;1;2;1;2;1;1;1;14;4;1;1;1;1;8;8;3;2;2;2;5;1;10;1;1;3;1;7;1;3;8;1;2;1;2;4;2;7;1;7;5;35;1;9;50;1;1;19;7;23;3;2;2;1;1;16;1;1;9;1;5
;1;1;1;11;3;4;1;2;2;1;6;2;10;3;1;1;2;1;2;1;1;1;19;4;1;1;1;1;9;8;3;2;2;2;6;2;11;1;1;3;1;7;1;3;8;1;2;1;2;5;2;7;1;7;5;37;1;9;55;1;1;21;7;23;3;2;2;1;1;19;1;1;9;1;5
;1;1;1;13;3;4;1;2;2;1;6;2;11;3;3;3;4;1;4;1;1;1;19;4;1;1;1;1;9;10;3;3;2;2;8;2;11;1;1;3;1;7;1;3;9;1;4;1;2;7;2;13;1;7;5;41;1;9;62;1;1;24;7;25;3;2;2;1;1;24;1;1;12;1;5
;1;1;1;15;3;4;1;2;2;1;8;2;11;3;3;7;5;1;4;1;1;1;21;4;1;1;1;1;10;12;5;10;2;2;9;2;13;1;1;3;1;10;3;4;9;1;4;1;2;7;2;13;1;7;6;48;1;11;71;1;1;25;7;26;3;2;3;1;1;28;1;1;13;1;5
;1;1;1;15;3;4;1;2;2;1;8;2;13;3;3;9;6;1;4;1;1;1;24;4;1;1;1;1;10;17;7;10;2;4;9;2;13;1;1;3;1;18;3;4;12;1;4;1;2;8;2;17;1;7;6;58;1;11;76;1;1;29;8;29;3;2;3;1;1;31;1;1;14;1;5
;1;1;1;20;5;4;1;2;2;1;8;2;17;3;3;9;9;1;4;1;1;8;24;4;1;1;1;1;10;17;7;10;4;6;14;2;15;1;1;3;1;23;3;4;13;1;4;1;2;9;2;18;1;7;6;60;1;11;83;1;1;30;8;32;3;2;3;1;1;37;1;1;16;1;5
;1;1;1;21;5;4;1;2;2;1;25;2;18;3;4;9;13;1;4;1;1;10;24;4;1;1;1;1;11;21;7;10;4;6;20;2;15;1;1;3;1;26;4;4;14;2;4;1;2;9;3;20;1;22;6;62;1;13;96;1;1;36;8;39;3;2;3;1;1;40;1;1;18;1;5
;1;1;1;23;5;4;3;2;2;1;27;2;21;4;4;10;14;1;4;1;1;10;31;4;1;1;1;1;11;29;7;12;4;6;21;2;23;1;1;3;1;30;4;6;18;2;7;1;2;12;3;22;1;23;6;70;1;13;100;1;2;36;9;47;4;2;3;1;1;40;1;1;18;1;10
;1;1;1;25;5;4;3;4;2;1;34;2;23;4;4;10;15;1;4;1;1;16;31;7;1;1;1;1;13;29;7;12;4;6;21;2;23;1;1;3;1;35;4;6;19;2;8;1;2;12;3;23;1;24;9;80;1;13;106;1;2;42;9;59;4;2;3;1;1;45;1;1;19;1;10
;1;1;1;27;5;4;3;5;3;1;34;3;23;4;4;11;17;1;4;1;1;18;34;7;7;1;1;1;13;33;7;12;4;6;22;2;25;1;1;3;1;38;7;6;19;2;8;1;2;12;6;25;1;29;10;91;1;15;119;1;2;51;9;63;6;2;3;1;1;51;1;1;22;1;10
;6;1;1;35;5;4;3;9;3;1;38;3;27;4;4;19;17;1;4;1;1;22;35;8;7;1;1;1;13;39;7;14;4;7;23;2;29;1;1;3;1;39;7;6;26;2;8;1;3;13;6;27;1;31;10;97;1;16;129;1;2;63;11;70;9;3;4;1;1;54;1;1;27;1;12
;10;1;1;38;5;4;3;9;4;1;40;3;29;4;5;26;20;1;4;1;1;30;42;8;7;1;1;1;13;40;9;17;6;7;23;2;29;1;1;3;2;43;7;6;28;2;11;1;3;14;6;28;1;35;13;107;1;18;142;1;2;69;11;77;11;3;5;1;1;66;1;1;33;1;12
;10;1;1;46;5;4;9;12;4;1;44;3;30;6;5;38;22;1;5;1;2;35;45;8;9;1;3;1;13;47;9;18;6;7;29;2;30;1;1;3;2;46;7;6;34;2;11;1;3;14;6;29;1;37;15;119;1;21;152;1;4;72;11;82;11;6;5;1;1;76;1;1;33;1;12
;22;1;2;51;5;4;9;12;4;1;48;3;36;6;5;46;27;1;7;1;2;38;49;10;13;1;4;1;13;48;14;22;8;7;29;2;31;1;1;3;2;58;7;6;45;2;11;1;3;14;6;36;1;41;15;125;1;23;165;1;4;80;11;88;11;6;5;1;1;78;1;1;37;1;12
;22;1;2;59;5;7;10;12;4;1;49;3;41;6;5;60;27;1;7;1;2;47;54;10;13;1;5;1;13;52;15;26;8;9;39;2;31;1;1;3;2;66;7;6;49;2;11;1;5;16;6;43;3;48;16;134;1;26;177;2;4;83;13;95;13;6;6;1;1;100;1;1;40;1;12
;22;1;2;66;5;7;10;14;4;1;56;3;44;6;5;66;36;1;7;1;2;52;61;10;16;1;5;1;13;58;22;28;8;9;40;2;31;2;1;3;5;75;7;6;63;2;11;3;5;20;8;51;3;54;20;146;1;27;186;2;5;97;15;99;13;9;6;1;1;108;1;1;46;1;15
;22;1;2;73;6;8;10;14;4;2;69;3;58;6;6;76;37;1;9;1;2;56;67;14;16;1;6;1;13;61;24;30;9;10;53;2;36;2;1;3;5;87;7;6;67;2;12;3;5;20;13;56;3;58;27;156;3;33;213;2;5;106;15;110;16;10;6;1;1;110;1;1;50;1;17
;23;1;2;79;7;10;10;15;4;2;78;3;59;6;6;88;43;1;10;1;2;63;74;20;18;1;6;1;18;74;28;31;10;10;66;2;42;2;1;3;5;104;7;6;75;5;19;5;6;29;13;70;3;63;33;170;3;36;233;2;8;112;15;126;16;10;10;1;1;119;1;1;61;1;19
;25;1;2;89;10;10;10;17;6;2;90;3;67;7;6;91;49;1;13;1;2;75;89;24;18;1;6;1;20;81;31;31;11;10;72;2;44;2;1;4;5;112;8;6;82;7;21;5;6;32;17;70;3;70;39;188;3;38;248;2;9;122;15;137;19;10;10;2;1;135;1;1;68;1;19
;25;1;2;100;10;10;11;19;6;2;101;5;73;7;6;105;52;1;13;1;4;83;102;24;18;1;6;1;25;92;36;32;14;11;83;2;57;2;1;4;6;118;8;8;89;7;21;6;10;36;22;76;5;80;42;209;3;51;267;2;12;134;18;154;19;12;12;2;1;145;1;1;76;1;22
;29;1;2;107;12;10;13;20;7;2;114;5;75;8;7;116;65;1;14;1;4;93;115;26;21;1;8;1;27;92;43;34;14;15;88;4;67;2;1;5;6;126;8;8;95;7;22;6;11;37;33;91;5;85;43;224;6;56;279;2;21;150;18;163;22;13;12;2;1;165;1;1;90;1;23
;30;1;3;118;12;10;14;22;7;2;125;5;94;11;9;129;67;1;18;3;4;99;124;32;22;1;9;1;32;95;49;37;14;17;94;4;71;2;1;6;7;139;8;8;116;11;23;7;13;38;41;102;5;89;47;238;6;63;293;2;21;153;21;178;26;15;12;2;1;179;1;1;104;1;27
;34;1;3;130;12;10;15;26;12;2;148;5;100;11;9;150;73;1;18;5;4;111;139;33;24;1;9;1;41;102;55;38;14;21;103;4;76;2;1;6;9;144;8;8;134;13;34;7;14;39;58;113;5;103;49;261;6;65;318;2;28;169;31;192;27;17;12;2;1;197;1;1;117;1;31
;37;1;3;136;13;12;16;28;12;2;166;5;114;16;10;169;87;1;19;5;4;125;147;38;26;1;13;1;44;111;63;52;15;24;112;5;83;2;1;6;9;153;9;11;141;23;53;7;15;42;61;132;5;112;62;276;6;76;334;2;33;181;40;210;31;20;16;2;1;211;1;1;132;1;33
;46;1;3;145;13;13;24;29;22;2;177;5;132;18;10;186;93;1;20;5;4;131;175;39;27;1;19;1;50;125;70;60;17;25;118;8;88;2;1;6;9;165;9;11;153;24;70;7;15;44;66;154;5;130;71;296;6;86;346;2;34;195;44;226;36;25;16;2;1;231;1;1;168;1;35
;48;1;3;149;21;13;24;31;32;2;198;5;141;34;10;200;107;1;20;5;9;146;209;50;27;3;24;1;60;142;76;66;19;28;124;8;103;2;1;7;9;185;10;15;175;25;80;12;15;45;83;173;5;148;82;316;6;95;371;2;37;206;46;242;41;31;17;2;1;248;1;1;180;1;42
;51;1;3;168;21;13;26;34;35;2;219;7;149;38;10;218;115;1;25;5;12;160;232;54;27;5;30;1;72;153;88;69;22;34;139;8;114;2;2;8;15;197;10;15;189;39;86;14;15;46;99;191;5;170;98;339;6;103;396;2;41;230;48;255;47;36;19;2;1;265;1;1;195;1;47
;58;1;4;185;29;13;29;38;43;5;245;7;160;40;12;244;120;1;26;5;14;185;249;65;30;5;30;1;81;169;98;76;25;36;151;10;119;2;2;8;17;220;15;18;212;46;104;14;19;50;113;200;5;181;105;357;7;113;412;2;46;245;57;263;56;37;20;2;1;285;1;1;226;1;52
;65;1;4;199;31;13;31;39;51;5;260;7;174;46;12;266;145;1;27;5;15;203;281;69;40;5;38;1;95;185;107;90;26;39;167;10;127;2;2;8;17;239;17;20;236;47;119;16;19;53;115;223;6;203;106;376;7;122;432;2;48;258;64;279;67;37;24;2;1;304;1;1;236;1;67
;80;1;4;224;37;14;41;40;58;5;282;7;186;56;12;293;156;1;37;5;17;224;294;75;45;5;51;1;108;202;121;98;30;42;178;12;137;2;2;8;22;259;18;20;260;53;126;17;19;58;122;238;6;213;117;394;7;135;448;2;64;274;73;293;74;39;27;2;1;320;1;1;257;5;74
;91;1;6;245;46;16;46;40;62;5;299;8;196;67;12;316;172;1;40;5;18;257;319;82;47;9;55;1;122;218;140;104;36;51;196;16;152;2;2;8;22;277;18;20;277;63;134;18;19;65;134;269;6;235;137;409;7;149;468;2;73;298;80;321;81;45;34;2;1;346;1;1;268;5;86
;96;1;6;260;61;20;55;41;74;5;327;8;209;74;14;337;191;1;46;5;18;276;335;95;57;10;57;1;131;228;150;124;38;64;213;18;168;2;2;8;24;303;21;27;297;68;159;21;19;81;151;297;6;251;150;423;8;156;498;2;88;318;96;342;82;46;34;2;1;376;1;1;288;9;91
;106;1;6;289;63;28;62;42;82;5;359;11;228;84;17;349;206;1;54;5;21;307;357;105;65;10;74;1;150;240;169;149;42;67;222;22;182;2;2;8;25;321;23;33;322;79;172;22;19;88;163;309;9;266;162;446;9;165;517;2;98;357;106;357;87;47;37;2;1;408;1;1;304;9;99
;118;1;6;319;75;32;68;48;95;5;378;11;243;104;17;377;220;1;60;6;21;325;369;112;67;13;78;4;173;259;176;160;47;69;237;27;213;2;2;8;25;352;23;38;346;85;195;25;20;95;178;332;9;284;183;467;15;183;519;2;105;369;125;382;98;64;39;5;1;431;1;1;327;9;108
;131;1;6;338;83;34;84;56;119;6;407;12;267;120;17;400;230;1;74;6;21;353;393;131;82;14;82;4;207;284;191;175;53;82;264;34;230;3;2;8;27;377;24;42;371;87;213;33;20;112;186;348;9;306;200;482;16;196;524;3;116;394;131;400;111;67;43;5;1;457;1;1;348;10;111
;148;1;10;350;95;35;84;62;147;7;442;13;283;136;17;416;243;1;79;6;21;372;415;147;97;14;99;4;236;306;207;204;54;84;283;40;246;3;2;8;29;404;26;51;389;95;221;43;24;124;193;373;9;319;224;494;19;202;526;5;126;415;142;418;123;83;44;5;1;476;1;1;370;10;122
;163;1;10;371;104;38;100;65;173;7;458;13;305;156;17;436;251;5;92;8;24;383;436;171;104;17;107;4;267;327;227;216;60;107;308;47;262;3;2;8;31;411;28;63;402;102;236;43;25;124;209;398;10;335;248;514;21;226;527;5;138;437;154;438;134;90;47;11;1;499;1;1;387;10;134
;186;1;10;389;113;42;129;74;190;8;474;22;321;178;18;458;264;8;117;8;29;407;454;191;117;17;115;6;287;351;243;229;64;120;324;50;282;3;2;8;37;432;28;81;433;116;247;58;25;144;229;428;12;363;272;514;23;248;528;5;149;452;171;461;150;96;50;16;2;519;1;1;409;11;149
;207;1;12;401;131;44;156;82;210;8;488;22;347;198;20;479;287;17;128;10;30;420;473;204;130;20;134;7;304;380;264;251;71;135;342;56;300;3;3;8;39;462;30;97;444;132;253;71;26;156;253;451;12;383;288;516;30;271;530;5;171;467;183;482;160;110;52;22;5;519;1;1;427;12;171
;221;1;17;416;143;60;165;89;227;8;499;26;363;217;21;501;310;19;148;10;30;438;490;221;147;24;148;7;331;396;285;268;76;147;357;69;325;4;3;8;44;485;35;113;471;147;277;79;32;177;274;475;12;406;320;518;32;286;530;6;202;492;200;512;171;125;55;36;5;519;1;1;437;12;180
;248;1;20;429;169;72;192;95;241;8;520;31;378;240;22;502;325;22;169;10;35;455;506;241;159;28;168;10;351;409;302;290;85;153;382;72;348;5;3;8;51;504;36;121;487;160;300;95;37;196;294;499;12;425;345;519;35;306;531;6;220;512;215;512;182;128;55;36;5;520;1;1;451;12;196
;276;1;27;440;185;81;218;109;276;8;522;35;404;261;22;503;363;22;207;14;46;478;508;252;168;29;191;10;365;430;323;307;90;168;405;86;371;5;3;9;59;508;40;142;509;167;322;100;39;211;308;513;14;454;364;521;46;325;533;6;236;512;228;512;201;151;58;45;5;520;1;1;464;19;208
;299;1;32;459;208;89;248;112;303;11;526;36;424;281;25;507;380;23;221;18;52;495;510;272;179;33;211;11;391;447;343;333;97;181;414;105;385;5;3;10;61;512;40;153;512;195;355;110;42;234;324;513;15;480;390;522;47;344;534;6;259;512;241;512;216;168;63;54;6;521;1;1;498;23;223
;323;1;40;484;217;93;269;135;322;11;527;39;444;309;28;509;403;23;247;18;55;518;515;301;201;34;228;11;419;482;364;355;114;193;437;117;403;5;3;12;67;514;43;164;514;214;392;130;48;250;339;513;17;511;417;525;67;366;539;6;280;512;269;513;239;183;74;62;7;521;1;2;513;23;236
;345;0;44;516;243;102;292;145;342;10;531;42;467;329;27;510;417;24;270;20;63;521;513;323;222;46;249;10;449;503;385;369;128;209;462;126;425;4;2;13;68;515;61;169;516;237;411;150;51;270;359;513;16;510;451;528;80;385;539;5;312;511;295;512;251;196;75;75;6;519;0;1;512;22;260
;368;;48;517;257;118;319;155;363;12;532;49;482;344;30;514;431;27;295;20;67;524;515;342;246;52;265;11;472;502;408;401;135;222;479;156;458;4;2;14;76;516;67;179;520;251;426;168;54;290;378;516;19;515;477;526;98;401;540;5;341;511;314;512;281;220;81;91;8;517;;1;513;22;283
;387;;67;522;292;131;341;176;389;16;534;56;498;364;30;515;454;32;323;20;81;526;516;367;271;57;282;17;502;505;425;444;152;234;509;174;477;4;2;14;87;520;73;192;523;274;447;190;65;306;393;517;20;515;502;529;120;422;544;5;363;511;333;512;298;242;91;107;8;516;;1;512;24;308
;406;;71;526;297;137;356;187;418;18;544;59;511;399;31;518;468;32;346;21;103;531;522;383;285;72;305;18;507;504;447;471;165;257;513;192;491;4;2;14;94;523;80;209;526;291;471;215;72;330;426;519;21;516;501;528;147;438;540;5;396;511;352;512;320;252;103;132;11;517;;1;512;38;331
;434;;84;529;319;156;376;216;446;18;556;64;512;418;32;524;493;33;376;24;124;535;526;416;298;79;325;18;508;508;461;485;177;276;515;213;511;5;2;17;101;523;85;231;530;309;490;236;73;349;454;519;24;516;502;524;166;464;543;5;413;512;378;512;365;270;112;156;11;517;;1;513;40;359
;456;;104;529;343;166;400;225;468;20;563;68;512;442;34;525;514;46;414;26;139;539;530;443;327;85;349;19;511;509;480;510;194;294;517;239;512;5;4;17;111;525;96;243;529;333;518;267;80;375;483;520;29;517;502;524;179;494;535;5;428;511;395;510;390;284;126;174;11;517;;1;513;52;381
;473;;108;532;359;184;432;242;488;23;568;76;514;468;39;529;516;50;439;26;159;540;527;477;350;98;372;19;512;511;499;511;201;310;520;264;513;5;4;21;112;527;105;267;530;352;518;292;87;404;503;524;33;518;505;524;199;511;538;5;446;511;415;509;405;309;141;178;15;518;;1;515;56;408
;498;;134;535;380;196;447;262;504;26;574;91;516;485;41;532;518;58;453;30;173;543;532;499;387;114;383;21;513;513;502;515;223;344;523;280;512;5;4;24;123;532;120;287;534;377;518;307;92;434;505;525;41;518;505;525;213;510;535;5;461;512;441;507;427;344;151;197;15;518;;1;515;62;430
;522;;142;541;415;223;468;286;506;26;577;94;518;508;45;536;522;67;473;37;198;547;534;501;404;135;403;31;513;515;505;518;254;367;522;310;516;5;4;24;135;534;127;311;536;401;518;346;96;455;506;527;45;520;505;522;244;510;535;5;499;512;462;506;451;361;161;206;17;514;;1;515;73;455
;530;;163;543;437;247;490;321;511;33;581;109;520;510;49;538;526;82;490;40;235;551;537;503;430;152;428;32;517;518;515;522;280;391;523;326;518;5;4;24;150;538;141;332;537;410;517;369;101;474;506;530;47;523;505;525;262;511;535;5;535;513;487;503;491;384;174;219;22;515;;1;515;97;473
;532;;179;546;452;261;507;343;512;40;587;113;525;514;62;539;532;90;518;40;250;556;540;502;459;169;457;39;519;519;516;525;306;413;523;345;520;7;4;26;162;541;153;351;541;430;520;389;114;509;506;526;51;525;504;524;287;511;530;5;535;508;525;498;516;400;188;255;22;513;;1;515;106;503
;533;;195;547;470;280;509;372;519;47;593;127;530;516;66;541;534;101;519;45;271;557;540;507;482;184;473;47;523;519;517;529;330;431;524;381;521;7;4;26;179;544;166;370;543;459;521;417;124;510;505;527;56;529;505;516;299;512;524;7;535;505;525;497;516;419;210;278;23;514;;1;515;125;504
;540;;205;549;481;313;513;394;520;53;598;146;531;518;68;549;537;120;522;53;295;560;541;512;506;212;498;51;529;522;520;533;356;460;526;413;521;8;5;29;194;550;185;391;543;482;522;435;144;512;506;528;75;529;506;516;323;518;523;7;536;506;526;497;518;452;233;307;29;514;;1;511;138;506
;544;;224;545;495;352;517;413;520;64;599;156;535;520;72;556;545;137;524;57;322;560;543;517;509;226;521;58;531;524;521;534;385;491;526;435;523;8;5;29;215;550;217;439;543;510;523;463;157;511;507;528;86;530;508;515;351;517;517;7;538;502;527;494;519;467;260;333;34;516;;1;511;161;507
;552;;249;546;513;368;519;447;524;77;601;167;538;525;82;558;546;158;523;63;355;562;542;525;511;244;525;75;533;530;523;537;420;513;525;478;524;9;5;30;229;551;248;459;545;513;524;488;175;510;508;524;98;534;509;516;370;521;515;8;539;502;527;493;519;491;272;365;43;512;;1;512;174;507
;555;;267;548;520;399;522;486;529;84;604;186;543;527;89;560;550;172;532;69;384;564;546;529;514;258;527;81;534;535;524;535;460;515;527;512;527;9;5;30;239;553;270;483;552;514;526;504;195;512;510;527;112;536;509;513;393;523;509;9;542;498;527;493;519;515;281;399;49;510;;1;512;198;507
;558;;285;552;522;438;524;519;533;99;606;202;548;531;96;559;552;193;537;81;402;571;542;533;517;280;528;104;536;537;528;536;485;514;531;512;528;9;9;33;261;550;306;505;552;515;526;506;236;512;512;527;125;538;508;506;414;523;502;9;545;497;527;492;519;515;307;422;57;506;;1;511;230;507
;565;;311;552;527;465;525;527;539;110;609;217;546;532;103;563;554;204;542;90;430;572;544;537;522;300;531;122;542;537;531;537;516;519;529;513;531;9;9;34;280;548;336;507;553;516;528;508;267;517;512;527;153;541;512;500;440;524;502;9;546;497;526;490;519;515;318;445;62;508;;1;512;246;508
;572;;324;552;527;479;529;529;540;118;603;229;550;535;123;565;552;238;546;101;453;570;546;542;524;330;538;136;549;538;535;539;518;518;528;515;534;9;12;36;307;545;361;509;554;516;529;509;284;516;512;527;199;535;513;500;468;523;492;9;546;496;527;487;519;516;337;481;81;501;;1;512;276;509
;580;;345;554;533;501;531;536;546;147;595;253;552;538;132;568;558;270;548;113;479;571;548;544;528;353;541;156;549;538;537;541;520;519;527;516;532;14;13;40;326;541;381;511;556;518;529;510;312;519;514;526;217;531;515;498;487;524;487;9;546;494;528;479;519;516;369;517;95;501;;1;511;303;508
;584;;375;556;535;508;536;541;553;161;599;273;550;540;137;570;563;303;551;126;511;568;552;548;537;377;543;165;551;535;540;545;524;521;527;518;529;15;13;48;357;539;403;512;554;520;530;511;336;519;517;526;234;532;513;493;506;527;483;16;546;492;528;467;521;518;390;517;115;499;;1;511;336;504
;588;;411;559;539;513;542;544;555;172;606;304;553;545;149;573;563;335;554;144;514;566;555;550;540;405;550;182;554;537;542;550;529;527;527;520;531;15;15;51;389;536;425;517;555;522;531;512;356;520;518;527;259;528;514;487;507;530;475;18;547;485;528;462;522;519;411;518;138;498;;1;509;361;504
;588;;428;560;546;517;544;549;557;193;608;322;555;550;177;580;564;349;556;156;516;570;555;554;543;429;554;198;560;539;543;555;529;528;530;521;528;15;16;55;415;538;455;519;553;523;536;513;381;521;515;527;274;527;515;474;508;529;463;28;547;475;527;461;518;518;442;521;148;499;;1;507;391;503
;589;;459;555;549;522;545;557;558;214;612;340;561;554;197;576;562;374;556;177;527;568;556;558;545;447;558;216;564;538;544;555;535;532;533;525;529;16;17;57;442;540;478;523;551;525;537;514;405;519;517;528;303;524;515;472;511;528;458;31;547;466;527;452;517;518;468;522;162;491;;1;501;423;502
;590;;482;558;551;529;544;559;559;247;615;377;567;557;210;566;566;391;562;200;529;563;554;559;548;474;558;237;567;543;545;556;535;535;535;527;532;16;18;62;473;536;507;524;550;527;535;515;438;521;521;527;332;522;514;463;512;529;448;41;548;464;527;449;517;515;485;523;179;478;;1;499;450;502
;589;;512;559;553;535;548;563;562;271;614;399;570;562;236;563;566;407;565;220;531;562;554;564;547;501;561;255;571;542;546;557;539;538;532;530;531;16;18;63;489;532;511;527;544;528;536;519;470;522;522;525;349;519;518;452;515;528;440;42;546;459;527;444;519;515;513;524;215;476;;1;498;462;503
;591;;513;559;555;537;551;571;564;292;613;447;568;568;281;553;566;435;566;242;538;553;552;564;546;503;562;282;573;542;548;553;539;540;530;531;533;18;18;77;511;529;512;530;538;533;538;520;492;521;522;517;365;516;518;450;517;526;428;50;546;455;528;438;519;515;514;525;252;460;;1;494;484;504
;593;;519;556;559;541;554;574;568;319;615;472;565;575;312;547;565;468;570;265;545;553;548;569;546;508;567;306;575;543;555;553;543;541;525;532;536;21;18;86;508;521;516;536;533;533;540;519;513;523;522;512;383;514;518;439;518;523;423;53;546;446;528;433;519;515;515;527;272;450;;1;493;498;505
;597;;522;546;563;545;557;578;570;350;609;505;562;581;349;544;564;493;573;288;549;549;542;572;549;509;567;336;580;540;553;553;544;544;521;537;537;21;25;99;508;515;518;539;526;535;545;520;515;519;520;504;423;509;519;429;520;519;401;65;547;435;528;426;521;513;515;530;302;449;;1;492;516;501
;600;;526;550;568;549;561;580;572;383;600;507;564;584;375;533;563;520;575;317;553;547;539;573;550;515;569;357;580;538;556;552;548;549;510;539;531;21;26;105;508;505;522;542;523;535;541;523;518;517;521;492;444;508;516;418;521;516;380;77;545;428;528;413;521;513;514;531;328;445;;1;487;516;499
;603;;528;545;569;551;566;582;575;407;595;508;559;591;397;529;558;521;581;342;555;537;530;567;554;517;571;380;588;527;559;553;549;552;510;543;532;22;28;125;510;491;525;545;520;537;540;522;519;510;521;491;472;503;510;409;523;516;365;82;544;422;528;401;520;514;513;532;376;435;;1;477;516;498
;602;;533;542;573;558;567;585;581;425;594;509;556;594;410;521;560;525;584;383;557;534;520;576;556;521;577;413;588;521;558;556;551;552;507;546;533;25;30;139;510;491;527;548;511;537;543;522;517;506;520;492;493;495;507;393;524;511;351;89;544;416;527;388;522;513;512;532;399;426;;1;470;516;498
;606;;540;537;575;560;568;586;583;457;585;513;552;598;426;516;554;529;587;401;558;526;509;579;558;522;582;442;587;519;556;561;550;552;501;547;522;27;33;146;515;486;532;551;508;538;545;521;516;504;513;488;519;493;511;372;528;503;337;101;538;403;527;380;524;512;511;532;432;417;;1;462;517;496
;607;;548;533;579;561;570;590;587;483;578;515;543;599;448;510;554;533;591;419;560;523;502;579;561;524;586;460;586;525;555;563;555;552;497;547;516;31;42;165;518;475;533;555;497;538;546;520;516;503;509;471;521;489;511;367;528;500;325;109;537;394;526;366;520;511;511;534;467;398;;1;449;518;496
;610;;550;528;583;564;578;594;590;501;571;520;539;598;481;492;549;534;593;441;563;522;495;580;564;525;586;487;582;518;551;562;559;553;493;553;514;33;49;193;518;467;535;560;482;539;540;522;519;504;494;469;521;481;509;352;529;498;308;113;536;386;522;359;518;509;511;536;495;383;;1;440;518;489
;612;;552;522;592;569;580;593;590;504;554;527;534;601;494;481;549;539;596;466;568;512;485;583;567;525;589;517;582;518;545;551;560;554;485;555;517;43;52;211;518;464;543;561;474;534;522;525;519;505;488;456;525;472;501;335;531;494;289;143;531;372;516;340;518;511;510;536;519;363;;1;429;519;488
;610;;557;515;600;574;578;594;589;508;542;529;519;607;497;465;536;541;597;492;573;505;479;586;567;526;587;517;582;514;542;550;564;555;485;554;513;44;60;224;520;456;545;562;464;535;517;531;524;500;487;444;527;458;495;318;531;483;274;152;526;360;510;323;513;508;511;536;519;349;;1;403;519;485
;607;;560;517;601;577;579;601;585;513;528;531;509;602;501;453;534;545;598;510;570;499;445;586;572;530;581;520;582;502;541;547;569;555;482;559;510;45;68;242;523;448;546;566;450;534;501;531;526;506;475;426;528;446;487;301;534;474;261;163;525;347;508;306;512;501;512;536;519;336;;1;381;519;483
;607;;560;509;600;583;584;601;586;519;504;532;504;597;503;440;526;548;597;515;572;486;425;580;576;539;581;523;574;487;539;547;571;555;474;561;498;62;78;272;522;434;546;568;433;528;496;527;527;506;460;399;529;425;476;275;538;466;233;171;521;333;509;292;510;495;512;536;520;318;;1;363;519;479
;605;;566;495;594;587;587;605;585;522;490;535;493;601;507;423;525;549;598;521;573;469;402;583;577;539;581;526;566;483;531;545;570;550;461;567;493;71;90;302;520;425;543;568;425;524;488;531;531;508;453;389;531;411;466;257;540;456;217;187;518;313;507;283;500;493;509;538;522;302;;1;341;519;477
;598;;571;479;599;594;590;604;586;521;476;540;485;601;509;397;505;553;603;528;577;456;379;576;579;542;583;529;563;467;526;535;574;554;448;568;492;85;97;341;521;407;540;571;399;523;480;531;530;506;444;372;533;398;463;244;539;448;199;215;516;297;502;274;492;495;506;539;522;283;;1;324;521;472
;595;;573;464;605;596;591;610;580;524;454;542;470;597;512;372;495;556;605;533;576;432;362;575;577;546;570;532;546;457;523;532;572;554;436;569;483;91;103;370;518;387;543;571;378;518;468;533;534;505;442;355;533;388;463;226;543;439;180;237;506;282;491;256;484;496;504;540;524;263;;1;312;518;457
;581;;581;443;603;599;589;613;576;530;435;554;468;593;515;351;485;566;606;536;578;411;341;569;576;547;564;540;539;443;506;526;573;550;425;568;467;107;132;394;520;375;543;574;356;511;464;537;537;501;432;327;534;373;439;210;545;428;164;256;500;268;489;234;481;493;500;541;524;245;;1;292;518;449
;583;;583;434;593;601;585;616;571;534;422;560;464;593;518;328;474;569;606;541;582;388;324;566;574;547;570;546;530;431;495;512;571;548;406;569;462;120;155;409;520;355;548;574;343;507;444;540;538;486;424;310;535;350;429;198;546;414;140;295;491;247;481;211;477;492;496;543;525;214;;2;283;518;441
;577;;590;407;591;599;583;624;567;539;393;564;447;589;518;315;457;576;603;545;581;365;309;564;569;547;565;550;516;423;481;494;571;536;395;572;445;130;173;439;523;331;550;574;323;500;437;544;538;481;408;284;535;334;421;185;547;405;114;325;478;213;470;197;474;494;498;545;525;183;;2;269;514;441
;569;;591;384;591;604;575;622;567;545;368;566;433;580;521;300;451;580;603;546;583;338;292;556;571;550;561;553;497;408;470;474;570;536;383;568;425;138;190;462;528;304;553;569;300;494;414;548;539;476;400;270;535;323;414;160;548;400;105;338;469;188;453;185;471;483;495;546;525;161;;2;251;515;429
;558;;595;363;585;604;575;617;552;548;347;566;418;567;527;270;433;581;598;549;588;323;279;546;570;549;561;555;470;391;461;462;570;536;363;568;397;155;200;498;529;280;555;564;276;491;404;545;540;465;389;252;535;298;392;145;542;382;102;365;461;175;445;161;466;475;494;545;525;132;;2;225;517;425
;546;;597;353;581;610;567;617;528;551;319;570;399;555;534;259;426;584;594;550;588;299;251;533;553;556;555;560;447;372;445;448;571;531;341;561;385;167;224;498;531;254;557;561;254;489;392;535;540;453;382;234;536;289;379;126;544;370;98;389;453;156;431;151;454;465;494;546;525;116;;2;201;519;419
;532;;600;333;575;615;562;616;507;558;292;576;386;543;539;239;417;586;586;555;592;285;234;518;545;560;548;563;417;358;432;430;570;519;321;561;368;179;243;499;530;240;555;557;248;483;380;531;539;446;366;208;540;271;353;115;543;355;96;424;443;133;420;124;442;452;492;548;526;96;;2;184;520;409
;515;;605;326;570;612;554;621;492;561;278;575;370;524;544;216;411;584;574;558;595;274;212;496;537;563;546;568;394;336;413;422;567;505;307;559;358;196;258;500;523;227;560;542;220;480;373;525;539;437;354;184;540;259;331;103;545;334;96;453;434;112;412;102;428;448;488;542;526;68;;2;166;520;404
;501;;608;308;560;614;515;612;475;569;269;574;352;507;547;209;398;581;555;560;597;257;195;486;522;561;539;569;375;319;399;403;566;495;288;559;335;219;282;505;524;203;562;523;200;468;363;513;542;426;330;157;541;229;312;102;545;314;95;488;423;103;400;86;418;443;489;536;524;63;;2;149;520;383
;485;;610;298;551;610;510;609;459;576;262;575;329;493;547;186;376;584;548;568;600;243;182;472;514;565;526;573;360;295;381;394;563;483;279;554;316;248;304;507;526;171;560;516;183;452;355;507;539;403;316;139;544;207;283;99;540;296;93;505;396;81;386;53;407;428;488;530;525;63;;2;137;519;370
;471;;610;279;532;607;493;607;449;578;248;578;316;477;548;177;356;588;526;573;601;225;165;455;502;566;516;579;334;282;365;376;557;472;266;548;298;279;344;510;523;153;562;502;168;442;325;497;537;386;293;115;546;191;264;98;536;287;92;506;377;60;371;41;400;420;488;520;526;63;;2;125;519;356
;452;;612;272;516;596;471;605;427;586;238;577;299;465;554;176;330;591;501;578;600;202;156;443;492;570;498;581;320;270;351;357;556;464;237;538;275;304;375;513;515;145;561;491;143;436;304;490;537;372;282;89;546;166;241;98;531;269;92;511;362;51;358;41;386;404;491;518;526;62;;2;110;516;346
;429;;605;262;505;594;447;599;399;588;235;579;274;443;555;171;306;598;482;576;593;188;155;428;484;566;482;586;300;246;337;335;555;452;222;528;263;322;405;515;513;142;563;476;138;425;283;485;535;349;269;85;545;143;215;96;526;253;90;513;348;51;349;42;374;391;486;509;527;62;;2;83;511;329
;405;;598;238;491;594;424;588;381;592;236;582;248;421;559;169;284;603;460;578;597;167;151;408;463;570;465;591;277;229;315;320;543;444;204;512;247;358;440;515;509;140;565;470;137;401;248;476;530;335;250;86;550;116;193;93;517;230;88;518;319;51;324;42;355;375;479;508;526;61;;2;63;513;315
;383;;601;214;481;591;403;579;361;597;233;584;243;402;564;171;275;608;436;578;592;157;150;381;449;576;446;599;253;200;306;297;538;425;182;511;228;406;471;517;507;139;554;465;135;377;220;457;530;323;238;86;554;98;168;91;504;213;85;520;296;51;295;41;338;360;477;503;529;60;;1;54;515;297
;365;;607;194;456;584;377;573;343;604;231;586;218;381;565;170;259;608;419;578;589;154;151;366;424;571;427;604;225;191;279;275;526;415;159;492;193;448;504;516;509;141;542;459;133;360;200;438;528;304;217;82;553;97;136;87;489;196;83;520;263;51;275;41;321;345;474;480;528;60;;1;54;517;279
;343;;589;193;439;569;362;559;321;612;235;582;198;371;565;168;243;607;396;583;580;156;149;349;403;569;416;608;201;193;258;250;519;406;142;471;169;480;506;518;506;138;545;450;129;345;182;424;527;281;201;81;555;94;111;86;473;179;84;523;241;51;267;39;296;323;463;472;529;59;;1;55;517;258
;330;;584;192;422;564;339;542;300;618;229;582;187;335;571;170;224;608;377;588;574;149;148;324;389;561;398;606;188;191;244;211;505;391;122;458;160;501;508;518;501;136;539;436;128;329;164;395;516;263;179;81;556;94;95;86;457;162;80;524;222;51;246;40;278;306;457;456;527;58;;1;55;515;232
;300;;579;190;415;559;321;529;273;621;221;584;185;326;577;167;213;611;358;593;550;149;146;300;374;562;383;613;184;192;225;189;497;374;120;440;139;505;512;525;499;133;537;416;127;314;140;378;518;247;151;80;556;93;95;86;433;140;78;525;194;50;214;40;243;297;445;430;528;58;;1;55;504;208
;281;;561;189;385;553;305;511;246;623;210;585;187;301;583;169;190;611;327;596;536;148;144;272;354;555;371;618;185;187;209;176;486;352;119;414;126;508;514;526;496;132;534;404;126;289;118;348;516;226;120;79;557;93;96;85;417;118;75;526;180;50;198;40;209;276;439;412;529;58;;1;54;503;182
;258;;560;188;374;541;281;501;235;627;207;586;187;281;583;167;176;605;295;601;517;145;144;252;339;549;343;626;184;186;192;158;476;341;116;393;129;511;518;529;496;132;525;389;126;271;103;323;514;198;93;78;553;94;95;85;400;93;74;526;166;50;181;41;188;255;430;401;528;57;;1;53;501;160
;241;;548;187;352;539;259;489;212;623;203;578;183;258;584;164;178;605;275;607;506;144;141;220;309;542;332;630;187;186;181;158;466;326;112;379;128;514;520;526;496;129;513;367;121;242;103;309;511;169;84;74;546;93;93;81;390;82;69;526;144;48;155;42;176;233;415;398;525;57;;1;52;499;135
;218;;537;185;326;520;247;468;206;627;197;573;180;242;583;160;175;603;260;600;488;143;140;209;279;528;316;621;186;185;181;155;447;297;110;353;127;517;521;529;485;125;506;341;121;227;103;275;510;142;83;74;546;93;93;81;367;83;68;528;121;46;130;42;149;207;407;381;523;57;;1;53;489;112
;205;;522;183;305;498;225;441;202;625;196;563;179;232;583;160;170;594;240;599;466;136;136;207;261;514;297;627;187;186;170;154;419;274;109;340;125;522;525;534;475;121;500;326;120;212;103;256;505;126;82;72;549;90;93;79;346;81;65;529;85;46;108;42;115;188;393;372;522;54;;1;53;483;90
;199;;513;182;286;485;206;417;204;623;189;564;178;232;579;158;170;583;216;600;439;133;135;208;232;503;273;626;183;184;169;150;393;251;108;324;123;522;528;540;466;120;483;305;117;197;103;232;496;106;82;70;548;90;93;75;322;78;63;531;65;45;72;42;83;166;383;353;521;54;;1;53;459;63
;202;;497;180;272;471;199;391;202;616;184;560;175;232;579;162;166;576;207;601;422;130;134;207;209;486;255;617;182;183;169;151;366;229;108;298;121;524;530;542;455;118;473;289;115;168;100;213;490;80;82;67;543;88;96;77;308;78;62;532;65;44;55;42;72;152;366;321;521;52;;1;53;451;51
;201;;494;182;257;443;200;373;198;615;182;550;168;237;581;159;163;573;207;599;408;132;131;204;189;468;236;616;177;182;168;143;346;207;106;263;120;524;534;542;443;114;465;270;112;144;100;185;480;80;83;67;532;83;95;76;291;74;58;531;64;43;55;41;70;125;344;302;517;52;;1;51;432;50
;192;;481;182;247;420;196;363;198;609;181;536;166;240;582;153;157;558;208;599;376;131;129;198;173;447;214;616;172;180;166;145;325;182;105;241;118;527;535;542;426;109;444;240;112;119;99;161;460;80;84;67;521;82;94;74;267;69;55;534;63;41;54;40;70;99;322;281;512;50;;1;50;419;47
;194;;459;180;234;385;194;332;198;605;180;531;168;238;580;148;152;539;208;596;351;132;125;195;173;438;200;608;173;179;168;141;292;154;104;209;116;530;536;546;412;107;411;206;111;104;97;137;448;81;82;67;508;77;91;72;247;66;52;534;62;40;52;40;69;77;299;247;505;48;;1;50;398;47
;190;;450;178;225;367;193;302;190;599;179;518;162;235;571;148;150;530;205;594;317;132;123;191;172;425;198;597;172;174;165;139;248;143;104;174;116;530;540;548;401;104;383;182;108;102;96;117;436;78;81;64;498;76;91;69;224;63;51;535;61;40;53;38;70;60;290;215;503;46;;1;47;382;47
;188;;430;171;220;343;193;266;191;592;176;499;160;233;573;146;150;515;199;593;303;128;120;185;172;410;201;591;171;168;161;136;217;143;98;156;112;536;542;550;395;102;356;157;103;101;94;107;404;78;79;63;485;73;92;69;205;64;50;537;57;40;54;38;71;48;277;191;499;46;;1;46;356;47
;188;;412;171;219;306;192;246;190;581;174;488;155;230;573;145;146;504;196;586;281;125;119;183;168;382;199;577;169;170;156;136;191;140;94;158;110;539;543;552;371;102;324;150;100;102;95;105;375;73;81;61;464;72;90;67;185;63;48;540;55;39;54;38;72;48;259;168;496;44;;1;44;339;47
;182;;394;170;214;286;192;244;187;574;176;481;152;230;558;141;144;479;191;578;254;121;118;182;169;360;195;564;165;166;152;135;177;137;96;156;106;541;549;554;352;99;304;148;98;100;93;106;352;72;81;58;430;68;88;65;155;62;45;543;55;36;53;37;72;47;243;137;482;41;;1;44;320;45
;179;;377;170;210;276;191;242;184;556;175;460;146;226;550;143;139;456;190;575;239;126;113;179;163;340;194;544;162;163;148;134;176;136;93;157;102;543;547;555;330;98;284;147;95;99;92;104;326;70;81;57;401;67;86;65;131;62;43;547;55;33;52;37;71;47;220;102;468;41;;1;42;295;45
;174;;359;171;210;258;187;236;180;540;174;444;148;225;544;139;135;426;189;562;210;124;108;178;162;315;193;535;163;161;146;129;176;134;92;156;101;547;549;552;308;97;261;144;94;97;89;104;305;69;79;56;381;66;85;62;110;60;42;543;54;33;51;36;70;47;194;83;454;39;;1;41;256;46
;172;;328;170;207;255;182;233;173;527;170;423;143;221;537;137;131;396;186;555;192;125;103;174;151;291;190;526;165;160;146;125;171;132;91;153;102;547;551;548;279;97;238;142;92;95;88;105;282;67;79;53;364;65;84;59;103;55;40;543;53;32;51;35;68;45;176;82;433;39;;1;40;236;46
;170;;301;166;200;250;179;229;171;513;161;402;140;215;523;131;130;389;186;535;188;122;100;171;148;270;185;512;164;156;145;119;167;129;89;153;99;552;554;548;247;95;211;138;89;95;84;103;255;67;79;51;342;64;81;58;103;53;37;540;53;31;51;32;67;44;156;80;419;35;;1;39;211;46
;167;;284;167;198;253;179;223;172;504;156;385;137;214;502;131;130;366;187;530;183;121;96;167;145;251;178;498;157;152;146;115;170;125;88;153;98;554;560;545;224;93;183;135;90;95;81;104;234;66;77;49;332;64;81;56;102;52;35;533;53;31;50;32;66;44;121;79;404;32;;1;38;175;46
;164;;253;163;194;249;179;222;174;477;153;368;125;213;486;123;129;349;186;509;178;118;95;165;144;227;180;479;153;147;144;113;165;123;84;152;94;561;559;548;197;92;161;133;86;93;80;103;203;66;74;47;299;63;80;54;98;50;33;529;52;29;50;31;66;44;102;78;393;32;;1;38;147;46
;160;;231;157;194;243;173;220;173;452;149;337;123;206;476;121;125;330;183;486;176;117;91;166;139;203;176;464;150;142;143;111;163;120;81;150;93;566;563;548;173;87;142;135;85;91;79;103;177;63;73;47;274;62;77;53;97;50;32;522;52;29;50;29;65;44;83;77;367;31;;1;38;126;46
;152;;221;153;193;238;171;210;171;434;148;303;119;204;448;119;124;310;179;471;174;116;88;165;140;187;176;440;147;142;139;111;160;118;81;147;92;572;564;544;162;84;140;132;83;90;79;101;150;64;72;47;263;60;75;52;95;50;30;523;52;27;50;28;63;44;67;76;345;29;;1;37;109;46
;151;;218;147;192;241;168;205;170;412;144;275;116;196;413;116;121;287;180;453;167;115;85;163;140;185;170;424;152;143;134;108;157;118;78;146;90;571;571;536;147;83;138;128;80;86;75;102;126;61;70;45;245;58;73;49;93;49;26;514;51;26;47;26;63;43;65;76;312;29;;1;35;90;44
;149;;215;150;191;238;167;203;171;389;144;252;111;193;382;114;118;254;176;426;165;115;85;160;141;184;167;394;150;139;129;107;154;115;78;144;85;577;571;528;149;81;137;124;78;85;73;100;115;62;70;46;216;55;68;49;92;50;24;512;50;26;47;26;61;43;65;71;294;28;;2;34;74;44
;148;;212;148;188;236;164;200;169;348;144;232;106;190;355;112;116;227;176;406;160;113;84;160;137;182;166;375;146;140;122;106;152;111;72;143;83;582;569;527;151;81;135;120;77;83;69;99;117;62;69;46;188;55;65;47;88;49;24;503;50;26;45;26;57;42;64;71;260;25;;2;31;66;44
;144;;211;144;184;232;161;197;166;330;139;233;104;186;336;112;116;217;171;382;155;112;83;157;132;179;167;352;142;139;115;105;151;108;69;140;80;587;573;517;151;76;131;119;73;79;69;96;115;61;68;46;167;52;62;45;88;49;23;497;50;25;45;25;57;41;64;70;225;22;;2;27;66;44
;144;;212;139;181;226;158;194;160;306;135;232;103;184;317;112;116;217;169;348;154;109;78;152;130;178;163;334;137;133;114;102;147;105;65;138;75;585;575;501;149;73;130;115;70;79;66;96;114;60;65;42;142;51;61;41;86;48;23;491;49;23;43;22;54;41;63;68;192;20;;2;26;67;44
;145;;205;135;179;223;157;196;155;284;128;231;101;183;307;107;113;214;164;316;153;105;75;146;127;175;161;303;133;132;111;98;144;105;60;134;71;587;576;495;146;74;126;113;69;78;62;97;112;60;63;39;116;47;55;40;81;47;18;480;47;21;43;22;53;40;63;68;174;15;;2;24;66;43
;138;;199;129;177;222;156;193;156;263;124;226;103;178;294;107;106;209;161;300;151;100;74;146;127;174;156;279;130;129;106;94;142;104;58;134;75;588;571;482;147;73;125;111;65;76;60;97;110;60;58;37;104;45;53;36;80;46;16;473;45;19;43;18;52;39;63;67;135;14;;2;22;65;42
;137;;194;127;175;220;155;189;154;236;125;226;101;180;266;104;103;212;154;284;149;98;72;144;125;175;155;260;127;125;104;90;138;99;54;128;73;589;569;462;143;72;124;104;61;73;58;96;108;59;58;35;102;45;54;31;77;43;15;467;42;19;42;18;52;39;64;65;106;14;;3;21;65;42
;129;;195;124;168;214;145;184;153;231;118;218;100;175;242;101;102;211;152;258;144;95;68;142;121;176;155;243;127;125;102;89;136;98;54;126;70;584;568;442;142;69;121;102;59;69;58;96;107;58;57;29;101;45;52;31;77;43;13;458;42;19;39;17;50;38;63;64;79;12;;3;19;65;41
;126;;192;125;163;211;144;183;148;229;118;218;95;175;235;98;100;208;154;234;138;91;67;135;121;176;152;220;120;120;99;86;134;94;53;123;65;583;568;427;143;68;116;102;56;66;53;90;102;58;55;26;97;43;53;28;76;42;12;435;42;19;38;17;48;38;62;64;67;10;;4;19;64;41
;126;;190;120;159;205;140;177;144;226;115;217;94;168;233;95;99;209;153;216;137;87;61;133;118;174;150;221;116;115;95;81;128;90;47;123;64;588;565;414;142;66;114;103;55;64;49;88;99;56;53;23;97;43;49;27;73;43;12;425;41;18;36;17;45;37;60;64;67;9;;4;16;64;41
;126;;189;117;156;202;142;169;139;222;111;216;93;167;232;93;96;204;151;205;136;86;58;131;116;167;145;220;113;115;89;78;125;89;44;118;60;581;564;390;137;60;114;97;49;63;49;86;97;50;52;22;95;41;47;26;74;42;11;421;41;17;33;17;44;37;59;64;68;8;;4;16;64;37
;124;;187;112;154;200;135;165;135;217;111;215;91;161;229;91;93;203;149;202;133;86;55;129;110;160;143;218;110;112;85;76;122;86;44;114;56;569;553;362;135;56;115;91;47;59;47;83;94;49;49;22;95;40;48;25;72;42;10;412;40;17;32;16;42;36;59;63;66;8;;4;16;64;35
;122;;185;112;152;195;131;165;129;217;110;215;90;159;227;91;90;202;144;196;129;78;53;126;108;159;140;218;106;110;83;73;120;84;42;112;54;562;545;332;135;53;116;91;42;55;45;82;91;47;46;23;92;37;46;24;70;44;8;389;39;16;29;15;42;36;59;62;66;7;;4;14;63;34
;119;;182;107;142;192;126;163;124;214;107;210;89;158;226;89;88;199;142;192;125;76;54;126;104;156;141;217;103;107;76;68;116;81;39;110;53;553;542;297;134;48;116;87;43;55;40;79;86;45;47;23;90;33;45;21;66;42;8;373;38;13;27;15;41;35;59;61;65;7;;4;14;62;34
;116;;179;105;138;189;119;158;124;214;104;207;83;156;221;88;84;189;139;190;123;75;53;127;97;153;140;212;102;104;73;67;115;79;39;110;52;546;530;261;135;45;116;84;42;55;39;74;86;42;46;22;90;29;43;19;65;41;8;356;36;13;26;14;41;35;60;60;64;7;;4;13;62;32
;113;;176;107;133;192;115;153;119;210;106;198;80;147;220;87;80;187;132;189;123;72;52;125;95;151;133;205;96;102;73;66;112;77;37;109;50;532;516;248;132;42;111;84;40;55;37;71;82;42;42;20;89;29;41;17;65;41;8;334;35;12;23;12;38;33;60;58;64;6;;4;11;61;31
;109;;171;105;128;188;113;151;117;205;106;196;80;138;214;86;75;181;129;184;118;72;50;116;90;153;130;204;94;101;71;66;109;73;37;102;51;525;502;230;132;42;112;81;38;51;34;66;82;40;39;18;89;28;38;16;63;39;8;300;32;12;21;11;38;28;59;55;63;6;;3;10;61;30
;107;;168;106;125;182;111;146;111;201;104;194;76;134;213;83;74;177;126;181;118;73;45;114;86;151;124;201;94;100;71;64;106;73;36;99;49;517;487;201;128;42;107;76;36;49;27;59;81;38;38;16;88;26;37;16;60;38;8;276;31;11;18;8;34;28;58;55;63;5;;3;10;61;28
;109;;164;102;125;174;107;147;108;195;105;193;75;133;208;82;73;175;123;180;117;71;45;111;84;151;123;197;90;96;70;66;103;66;35;96;48;507;472;177;122;41;102;76;36;48;25;57;80;35;37;15;87;26;36;15;59;37;6;255;31;9;18;7;31;28;54;54;63;3;;5;9;59;27
;108;;161;99;119;172;103;145;102;193;103;193;70;129;201;81;72;173;120;178;113;71;45;108;79;145;119;195;87;91;68;64;100;66;34;95;46;499;460;157;121;40;99;75;32;48;22;57;78;35;35;14;89;25;33;15;58;37;6;230;29;9;18;7;29;27;53;52;64;3;;5;9;57;26
;107;;161;96;116;165;99;138;98;193;100;189;68;126;197;78;70;174;117;176;111;70;44;108;75;141;112;193;84;87;65;60;96;63;32;92;45;487;438;156;118;39;98;70;31;45;22;57;77;33;35;13;86;24;28;15;58;34;6;202;27;6;18;5;28;27;53;49;63;2;;6;7;55;24
;104;;157;93;112;163;96;137;93;187;97;184;65;123;194;76;70;172;112;171;107;70;45;106;74;138;108;191;84;87;64;53;96;62;29;88;43;474;428;157;121;38;94;69;31;41;17;56;76;33;35;12;83;22;27;16;53;33;6;169;27;6;20;4;27;27;53;46;63;2;;6;5;54;23
;95;;154;92;111;161;92;131;86;182;95;180;63;118;189;73;71;168;107;167;103;64;45;103;71;136;105;188;80;83;62;51;92;62;29;84;41;468;408;154;119;38;92;67;30;37;16;55;76;32;33;11;84;20;28;16;49;31;6;134;23;4;20;4;24;26;49;46;63;2;;7;5;56;22
;95;;152;91;105;162;88;127;84;177;90;183;64;116;189;68;69;163;105;162;98;64;44;101;69;134;104;183;80;82;61;47;89;61;28;79;42;435;391;151;114;37;89;66;29;35;15;53;72;31;30;11;80;20;28;16;48;31;6;110;20;4;15;4;24;23;48;46;61;2;;7;5;60;20
;89;;145;92;104;158;85;126;83;171;90;180;63;111;188;67;69;159;103;157;92;63;42;98;66;132;98;182;80;81;57;41;87;56;25;76;38;409;354;150;112;37;85;63;28;33;13;48;69;31;29;10;81;18;27;16;47;30;6;101;19;4;15;4;22;22;47;46;59;2;;7;5;62;17
;84;;142;93;101;151;86;124;79;168;88;181;62;109;184;66;69;151;105;150;90;63;42;96;65;130;93;177;80;81;51;41;83;55;27;77;35;382;320;147;110;35;85;62;25;29;13;47;68;28;24;10;79;17;26;16;46;30;6;100;15;3;15;4;18;21;44;43;59;2;;7;5;62;17
;84;;141;92;98;147;86;123;78;163;85;172;62;102;183;66;68;148;100;145;89;64;41;96;63;125;92;174;76;80;52;40;80;53;26;75;32;366;289;147;110;34;81;60;23;28;12;43;67;27;23;9;79;16;24;16;46;24;6;94;14;2;12;3;18;19;42;42;58;2;;7;5;62;16
;81;;140;92;94;147;81;120;79;159;86;171;64;102;178;66;62;144;99;144;84;63;40;96;64;123;90;172;73;79;50;36;79;51;25;73;30;345;256;145;109;33;79;57;21;25;11;38;68;27;23;9;77;16;24;16;44;22;5;92;12;2;11;3;17;17;42;38;57;2;;7;4;61;16
;79;;132;89;94;145;80;116;78;153;86;165;65;99;175;63;62;137;98;143;78;61;39;95;64;119;86;168;73;76;50;35;77;48;24;69;31;300;233;147;107;34;77;53;19;23;11;37;66;24;22;8;68;17;21;15;43;21;5;88;11;2;10;3;15;16;41;36;55;2;;7;4;57;15
;80;;125;89;95;141;78;112;77;147;86;161;63;99;174;63;60;134;96;141;77;60;39;90;61;109;88;161;69;74;45;34;72;48;23;68;30;257;197;144;104;33;77;50;18;23;10;35;64;23;20;8;66;16;20;15;40;21;5;86;10;2;10;3;14;16;40;34;55;2;;7;4;55;14
;79;;124;88;92;141;75;110;74;138;82;156;63;97;172;62;59;133;92;137;74;58;36;89;58;105;85;160;69;72;43;28;66;46;23;63;30;226;181;145;100;30;73;50;17;22;9;34;62;23;18;8;64;15;20;15;35;19;5;85;10;2;9;3;13;16;39;33;53;2;;7;2;54;12
;77;;125;85;89;136;75;107;69;133;80;152;63;95;168;59;59;130;86;136;73;56;34;90;58;99;79;153;65;72;41;29;62;44;23;61;29;198;177;144;93;30;72;48;18;20;7;32;57;22;19;7;62;15;20;14;33;18;4;83;10;2;7;3;13;14;40;32;53;2;;7;2;51;10
;75;;123;83;86;137;75;105;68;129;80;146;59;93;167;58;55;127;79;132;68;54;31;89;55;94;78;147;65;72;40;30;60;42;23;61;29;186;175;143;89;30;66;47;15;18;7;30;55;21;17;7;60;15;20;13;31;16;4;82;8;2;7;2;13;13;38;28;52;2;;7;2;50;7
;75;;123;83;85;130;75;101;66;126;78;146;56;90;161;56;55;127;75;129;67;54;29;89;54;90;73;148;64;74;40;29;58;38;24;57;29;185;172;138;84;31;63;45;15;17;7;28;50;18;17;7;59;15;20;12;28;16;4;81;6;2;7;2;12;13;37;28;51;2;;7;2;47;6
;75;;117;82;87;125;68;100;66;122;76;142;57;87;154;53;53;125;72;124;65;52;29;88;49;86;67;140;60;74;39;29;54;36;25;55;29;181;168;135;74;31;60;45;13;14;7;27;50;15;17;7;56;12;18;12;26;15;3;80;5;2;7;2;12;12;31;26;51;2;;8;2;42;5
;74;;114;82;86;120;65;100;65;120;75;137;57;88;152;52;54;119;73;119;64;51;24;85;45;84;65;136;58;75;39;27;55;32;26;53;26;179;167;133;76;29;58;42;13;13;7;24;46;14;18;7;53;13;18;12;23;15;3;81;4;2;5;0;10;8;29;24;51;2;;8;2;37;3
;76;;112;82;88;114;66;99;65;117;73;132;58;85;149;53;53;114;72;114;65;51;23;83;46;80;63;133;56;73;37;25;50;31;26;48;25;177;165;132;71;29;56;39;10;13;7;22;44;14;18;7;52;12;18;12;22;14;3;80;4;2;5;;10;7;28;20;51;2;;8;2;37;3
;75;;110;83;85;110;67;96;64;115;75;134;58;81;151;53;54;112;71;116;61;51;23;83;42;74;59;131;55;71;36;23;48;30;26;45;24;174;164;128;71;29;55;38;9;12;7;21;41;13;18;7;47;11;18;12;18;14;3;80;4;2;5;;10;5;28;17;52;2;;8;1;33;3
;72;;106;82;83;110;65;92;63;110;75;127;57;80;147;53;53;110;71;116;59;52;22;83;41;68;56;128;52;71;36;23;45;30;25;41;24;173;161;123;68;30;55;36;8;12;7;21;41;13;18;6;42;10;17;12;19;14;3;78;4;2;5;;10;5;26;16;50;2;;8;1;31;3
;71;;106;79;82;105;62;86;62;108;72;123;55;79;143;51;49;105;70;114;56;52;22;84;41;63;53;125;55;72;36;22;41;30;25;40;22;173;160;118;63;29;53;36;8;12;6;18;38;13;19;6;41;10;16;10;19;14;3;77;4;2;5;;10;5;26;12;49;2;;8;1;30;3
;70;;99;74;82;99;59;83;62;106;70;119;55;73;139;47;51;99;69;110;56;50;21;83;42;61;52;124;54;72;35;21;42;30;25;39;21;175;157;116;60;29;50;32;8;12;6;18;35;12;18;6;40;9;14;8;17;14;3;75;4;2;5;;10;5;27;10;49;2;;8;1;29;3
;71;;96;74;82;98;58;80;62;106;70;120;55;67;138;45;51;96;68;105;56;47;21;82;42;60;52;120;54;72;33;19;39;27;26;36;21;174;156;116;57;28;46;29;8;12;5;18;34;12;17;6;40;9;14;8;16;14;3;75;4;2;5;;10;5;25;3;49;2;;8;1;26;3
;67;;95;75;81;95;56;78;61;102;69;115;50;64;138;44;51;92;66;102;55;45;21;81;41;58;52;114;52;70;32;18;39;27;26;34;21;170;156;114;57;29;44;29;8;11;5;18;33;10;16;4;39;9;14;8;14;14;4;72;4;2;5;;10;5;24;3;47;2;;8;1;25;3
;66;;90;75;81;93;56;76;62;99;70;112;51;62;137;44;49;89;64;98;52;44;21;81;40;57;52;115;51;69;31;19;39;25;26;34;21;170;152;110;55;29;44;27;7;11;5;17;33;9;16;4;39;8;14;8;13;14;4;71;4;2;5;;10;5;23;3;47;2;;8;1;24;3
;64;;90;76;81;91;55;74;60;97;69;111;49;66;131;43;47;88;61;92;48;42;21;80;39;54;50;111;49;68;31;18;39;25;26;33;20;167;152;106;53;28;42;28;7;12;5;17;26;9;16;4;36;8;13;8;13;13;4;70;4;2;4;;8;3;22;3;42;2;;8;1;23;3
;64;;89;75;83;88;56;73;57;93;68;109;49;66;128;41;48;82;60;90;47;42;19;78;37;54;48;106;49;66;31;17;39;24;26;32;18;162;148;105;51;28;42;28;7;13;4;17;23;9;13;4;36;7;13;8;12;12;4;67;3;2;3;;7;3;22;3;39;2;;8;1;20;3
;61;;86;75;85;85;55;73;56;93;66;109;49;64;123;38;48;79;59;85;44;41;19;81;36;54;47;108;46;65;31;16;36;24;25;31;18;159;142;101;46;27;40;28;6;12;3;17;21;9;13;4;35;7;13;8;11;12;4;65;3;2;3;;7;3;17;2;38;2;;8;1;18;3
;58;;86;72;85;83;54;70;55;93;66;106;50;64;120;35;49;75;59;83;43;38;19;77;34;54;45;107;45;65;31;14;33;25;23;30;18;157;139;97;45;26;36;28;6;12;3;16;20;8;12;4;35;7;13;9;11;12;4;61;3;2;3;;8;3;17;1;37;2;;9;1;14;3
;58;;85;68;84;84;53;68;56;92;59;102;48;64;119;35;48;69;56;76;41;34;19;77;33;52;44;108;43;66;31;14;31;25;23;29;18;157;138;96;44;25;33;29;6;12;3;16;20;9;12;4;35;7;13;7;11;11;4;58;3;2;3;;8;3;17;1;35;2;;9;1;13;3
;55;;80;67;82;84;52;68;58;87;59;100;47;64;119;34;48;65;56;74;39;35;18;75;33;53;43;104;40;65;30;14;34;24;22;29;18;153;139;94;42;25;33;29;6;11;3;15;20;8;10;4;32;6;13;7;10;11;4;55;3;2;3;;9;3;15;1;34;2;;9;1;12;2
;54;;78;64;83;82;51;63;58;85;59;98;47;64;120;34;47;61;55;71;37;34;18;75;30;53;43;104;37;65;29;14;34;23;22;28;17;152;138;92;38;24;32;27;6;11;3;14;20;8;8;4;31;6;13;7;9;11;4;55;3;2;3;;9;3;14;1;34;1;;9;1;12;2
;54;;75;63;84;80;49;61;55;80;58;96;46;65;118;32;46;59;52;67;36;32;19;73;30;48;43;102;37;63;29;13;34;24;21;28;17;149;131;89;38;23;32;27;6;10;3;14;18;8;8;4;28;6;13;7;9;11;3;55;3;2;3;;9;3;13;1;31;1;;9;1;12;2
;56;;74;62;86;84;48;59;54;73;60;96;47;63;114;32;45;58;53;64;35;32;19;74;30;45;41;100;38;63;27;13;29;23;21;26;17;144;128;84;36;24;31;27;5;9;3;13;16;8;8;4;26;6;13;7;9;11;3;54;3;2;3;;9;3;9;1;29;1;;9;1;12;2
;55;;71;60;86;81;47;57;52;73;60;94;46;64;109;33;44;60;50;62;35;30;19;72;29;44;40;101;37;63;24;13;29;23;21;25;17;139;125;80;33;24;30;23;4;9;3;11;15;8;8;4;25;7;12;7;9;11;2;53;3;2;3;;9;3;7;1;27;1;;9;1;11;2
;54;;70;59;85;80;48;57;50;71;59;91;44;67;105;32;45;61;49;60;32;29;20;68;30;45;40;97;37;62;24;12;28;23;20;25;17;137;123;79;33;23;29;21;4;9;3;11;14;8;8;3;24;7;12;7;9;10;2;52;3;2;3;;9;3;7;1;25;1;;9;1;11;1
;53;;68;56;88;77;46;58;49;68;59;89;44;66;104;34;45;59;49;56;31;28;20;70;30;45;40;94;35;57;24;12;29;22;20;25;17;134;119;75;32;21;32;21;4;9;3;9;13;7;8;3;21;7;11;7;9;10;2;49;3;2;3;;9;3;7;0;22;2;;10;1;11;1
;51;;68;55;86;75;46;58;44;69;60;84;44;64;97;33;45;60;46;54;32;28;20;68;29;43;41;91;31;56;24;11;29;22;20;24;18;131;118;69;30;20;32;22;4;9;3;8;13;7;8;2;19;7;11;6;9;9;2;47;3;2;3;;9;3;7;;21;2;;10;1;11;1
;52;;68;52;87;76;45;61;46;69;57;82;43;66;96;33;44;58;45;53;31;27;19;67;26;43;41;91;32;56;24;11;28;22;19;23;18;124;115;64;29;19;32;22;4;9;3;8;10;6;6;2;16;6;11;6;9;9;2;44;3;2;3;;9;3;7;;22;2;;10;1;11;1
;49;;66;50;85;75;45;60;47;68;58;82;44;65;94;32;42;58;40;51;31;25;17;65;28;42;40;91;31;55;23;10;27;22;19;23;18;119;110;61;28;20;31;22;3;9;3;8;8;6;6;2;16;6;11;6;9;9;2;43;3;1;3;;8;3;7;;19;2;;11;1;11;1
;49;;65;49;87;74;46;61;48;68;59;80;42;63;92;30;39;58;40;51;31;25;17;64;27;40;38;86;30;55;23;10;27;22;18;22;17;115;106;56;28;19;30;22;3;8;2;8;8;6;6;2;14;6;12;5;9;7;2;41;3;1;3;;8;3;7;;17;2;;13;1;11;1
;48;;65;49;89;74;46;56;47;67;59;79;42;62;91;29;38;57;38;50;32;25;18;62;28;40;37;85;26;55;22;10;27;22;17;21;17;116;103;53;28;20;30;20;3;8;2;8;8;7;6;2;14;6;12;4;9;6;2;39;3;1;3;;8;3;7;;16;2;;13;1;10;1
;50;;64;50;88;74;44;56;46;65;57;78;40;62;87;27;38;58;38;49;30;26;17;60;28;38;34;80;26;54;22;10;26;20;16;21;16;108;100;53;27;20;29;19;3;7;2;7;8;7;6;1;14;6;12;4;10;5;2;38;4;1;3;;8;3;7;;12;2;;13;1;10;1
;51;;61;51;90;75;43;54;45;64;56;81;39;60;86;24;39;59;38;48;30;26;16;60;28;38;34;80;25;51;21;10;26;20;16;21;13;106;97;52;24;20;27;20;3;7;2;7;8;7;6;1;14;6;10;4;10;5;2;37;4;1;3;;8;3;7;;11;2;;12;1;10;1
;49;;60;48;89;77;44;52;42;63;54;83;38;57;85;23;39;55;38;48;29;25;16;57;25;35;32;78;23;50;21;10;26;19;15;21;13;104;95;45;24;20;26;19;3;8;2;5;8;7;5;1;14;5;9;4;9;6;2;34;6;0;3;;8;2;6;;10;2;;12;0;10;1
;48;;60;47;88;80;43;54;42;63;53;83;35;57;83;22;39;52;35;47;29;24;15;56;22;36;30;75;23;50;20;10;24;18;14;22;12;102;91;43;24;18;25;19;3;8;2;5;8;7;5;1;14;5;9;4;9;5;2;32;6;;3;;8;2;5;;10;2;;12;;10;1
;47;;63;48;88;81;44;53;42;63;54;81;35;55;84;22;39;50;34;44;30;23;15;55;21;37;30;75;23;51;20;10;22;18;13;21;11;97;84;41;24;19;25;17;3;8;2;5;8;6;5;1;13;5;8;4;9;4;2;33;6;;3;;7;2;5;;10;2;;12;;10;1
;46;;63;46;85;81;41;53;41;60;51;81;34;53;81;21;35;52;32;41;29;23;15;55;20;37;28;71;23;51;18;9;22;17;13;20;10;92;78;38;24;17;24;15;3;8;2;5;8;6;5;1;13;5;7;4;8;4;2;30;6;;3;;6;2;5;;9;2;;12;;10;1
;47;;63;46;86;80;41;54;40;59;48;81;33;52;84;21;35;53;32;41;30;21;15;54;19;37;29;70;22;49;19;9;21;17;13;19;10;93;77;39;25;18;23;15;3;8;0;5;8;6;5;1;13;5;7;4;8;4;1;25;6;;3;;6;2;5;;9;2;;12;;10;0
;46;;61;48;90;77;40;54;40;60;51;79;33;50;83;21;34;53;30;40;30;21;15;50;18;35;28;69;22;48;19;9;21;17;13;18;10;90;74;39;25;18;21;15;3;7;;5;8;7;5;1;13;4;6;4;7;3;1;23;6;;3;;6;2;5;;8;2;;15;;10;
;46;;59;46;90;79;39;53;40;60;51;77;33;48;82;19;35;55;28;37;30;20;14;48;17;34;27;65;22;47;19;9;21;16;13;19;9;89;72;38;24;17;20;13;2;7;;4;9;6;5;0;13;4;6;4;7;2;1;21;6;;3;;6;0;5;;8;2;;15;;10;
;46;;57;47;91;78;38;53;39;58;53;78;33;47;81;19;37;54;24;36;30;20;13;45;17;33;26;66;24;48;19;7;20;14;15;18;9;87;66;40;23;17;20;13;3;7;;4;9;6;4;;13;4;6;4;7;2;1;18;6;;3;;6;;5;;8;2;;15;;10;
;46;;55;46;92;77;37;56;37;58;53;75;33;46;82;18;36;53;24;34;28;20;12;43;17;32;25;66;26;49;18;7;18;14;15;16;8;84;56;40;23;17;18;13;3;7;;4;10;6;4;;12;4;6;3;6;2;1;16;6;;3;;6;;3;;8;2;;18;;10;
;44;;54;47;92;73;38;53;35;57;50;71;33;45;82;19;36;53;22;33;28;19;11;42;17;30;25;67;27;51;18;7;17;13;15;17;7;82;53;39;23;18;16;12;3;7;;3;10;6;4;;11;4;6;3;6;2;1;12;6;;3;;6;;3;;8;1;;24;;10;
;45;;54;44;91;70;38;53;35;56;48;71;31;44;85;19;35;54;21;33;26;16;12;41;17;30;23;67;26;50;18;7;16;13;14;18;7;78;49;38;21;18;15;12;3;7;;3;10;6;5;;11;4;5;2;6;2;1;10;6;;3;;5;;3;;8;1;;25;;10;
;44;;54;42;88;70;39;53;35;59;48;70;30;43;85;19;35;55;22;32;25;15;12;40;15;28;21;68;25;51;18;7;16;13;13;19;7;75;47;38;21;19;15;11;3;7;;3;9;6;5;;11;4;3;2;6;2;1;10;6;;3;;5;;3;;8;1;;25;;10;
;42;;53;42;87;71;40;51;34;58;47;69;29;42;84;19;37;54;20;31;25;15;12;40;15;28;19;68;25;49;15;5;14;13;13;18;7;75;44;38;21;19;15;11;3;5;;2;9;7;5;;11;4;3;2;6;2;1;8;6;;3;;5;;3;;7;1;;23;;10;
;43;;50;42;83;70;41;49;34;56;46;68;29;41;84;19;37;53;20;30;26;14;12;37;15;27;20;67;24;49;15;5;15;12;13;18;7;73;40;38;21;18;15;11;3;5;;2;9;7;5;;9;4;3;2;6;2;1;7;6;;3;;5;;3;;7;1;;26;;10;
;42;;49;41;83;71;39;49;35;54;46;68;29;42;84;19;35;52;17;30;26;15;10;36;15;26;18;67;24;50;15;5;14;12;13;17;7;73;37;39;18;18;15;11;3;5;;1;9;7;5;;8;4;3;1;5;2;1;7;5;;0;;5;;3;;7;1;;30;;10;
;42;;47;42;82;71;40;48;35;55;46;67;29;41;85;20;35;50;18;29;22;14;9;37;15;25;17;63;26;48;15;5;13;10;13;17;7;68;38;38;18;18;14;11;3;5;;1;9;7;5;;6;4;2;1;5;2;1;7;5;;;;5;;3;;7;1;;35;;8;
;41;;46;42;82;69;39;47;36;56;49;64;27;41;84;21;34;50;18;29;22;13;9;37;15;24;17;63;26;47;15;5;14;10;13;17;7;62;37;38;18;18;13;11;3;4;;0;8;7;5;;6;4;2;1;5;2;1;6;7;;;;5;;3;;7;1;;42;;7;
;41;;46;42;81;67;38;48;35;55;47;62;27;40;88;22;34;50;16;28;22;13;9;37;15;21;16;62;27;46;14;5;14;10;11;17;6;59;35;36;18;19;13;11;3;4;;;8;7;5;;5;3;2;1;5;2;1;6;7;;;;5;;3;;7;1;;45;;3;
;40;;46;39;84;65;35;44;35;55;47;62;27;39;86;21;32;50;15;27;22;12;8;37;15;20;16;60;27;48;14;5;14;10;9;19;6;57;35;34;18;19;12;10;3;3;;;8;7;5;;4;3;2;1;5;2;1;6;7;;;;5;;3;;7;1;;49;;1;
;40;;46;39;87;67;35;44;33;55;48;59;25;39;86;21;32;50;13;26;23;11;8;38;15;20;15;61;26;48;13;5;13;10;8;17;6;56;33;33;17;19;11;8;3;3;;;8;7;5;;4;3;1;1;5;1;1;6;7;;;;5;;3;;7;1;;56;;0;
;41;;45;39;85;64;36;40;32;54;49;59;24;37;87;21;33;52;13;24;24;11;8;35;15;20;13;58;24;48;10;5;11;10;8;17;6;55;30;32;17;19;11;7;3;3;;;6;7;5;;4;3;1;1;5;1;1;6;7;;;;5;;2;;7;1;;60;;;
;40;;44;39;83;61;37;41;29;53;50;59;23;35;87;22;31;53;13;24;24;10;8;33;14;18;13;56;24;48;8;6;10;10;7;16;6;53;30;29;17;18;11;7;3;3;;;6;6;5;;4;2;1;1;5;1;1;6;7;;;;5;;2;;7;1;;63;;;
;40;;47;40;83;61;36;41;29;53;48;61;20;35;82;22;31;52;13;24;22;10;8;33;13;17;12;54;24;48;7;6;10;10;7;15;5;49;30;29;17;18;11;7;3;3;;;6;5;5;;4;2;1;1;5;1;1;7;6;;;;5;;2;;6;1;;66;;;
;37;;47;39;82;61;37;40;29;53;48;62;20;34;81;23;29;52;13;24;21;11;8;33;13;18;10;55;24;48;7;6;10;9;7;13;5;47;30;28;16;19;11;7;3;3;;;5;5;5;;4;2;1;1;5;1;1;8;5;;;;5;;2;;6;1;;72;;;
;38;;45;40;82;59;36;39;29;51;49;62;20;34;79;23;29;51;12;23;18;11;8;34;12;18;10;55;24;47;7;6;10;9;7;13;5;45;30;25;16;20;10;6;2;3;;;5;4;4;;4;2;1;1;5;1;1;8;5;;;;3;;2;;6;1;;81;;;
;39;;44;40;81;59;36;39;29;48;49;60;20;32;80;21;29;51;12;21;19;11;8;33;12;17;9;54;24;48;7;4;10;8;6;13;5;44;30;26;16;20;10;6;2;3;;;5;4;4;;3;2;1;1;5;1;1;8;5;;;;3;;1;;6;1;;99;;;
;38;;43;40;80;57;36;38;28;47;49;58;21;32;77;21;29;51;12;20;17;11;8;32;12;17;9;54;24;46;7;4;10;8;6;13;5;43;30;23;16;20;10;6;2;3;;;5;4;4;;3;2;1;1;5;1;1;8;5;;;;2;;1;;6;1;;109;;;
;38;;43;39;76;55;34;37;28;46;50;56;20;31;80;19;28;49;11;20;16;11;8;31;12;17;9;53;24;43;7;4;10;7;4;13;6;43;33;23;16;18;10;6;2;3;;;3;4;4;;3;2;1;1;5;1;1;8;5;;;;2;;1;;5;1;;124;;;
;37;;41;38;77;55;35;36;28;46;51;55;21;34;79;19;27;48;11;17;16;11;8;32;12;17;9;53;23;43;6;4;9;7;3;13;6;42;33;21;15;18;9;6;2;3;;;3;4;4;;3;2;1;1;5;1;1;8;5;;;;2;;1;;5;1;;143;;;
;36;;41;42;76;56;33;36;25;44;51;55;19;34;78;18;26;47;10;16;15;11;8;30;11;17;9;51;22;42;6;4;9;7;3;12;6;42;31;21;13;17;9;6;2;3;;;3;4;3;;2;1;1;1;5;1;1;7;5;;;;2;;1;;5;1;;161;;;
;35;;41;40;76;56;34;36;25;44;52;58;20;34;77;18;25;45;10;14;13;10;8;30;11;17;9;54;22;45;6;4;9;7;3;12;6;42;29;19;13;17;8;6;2;3;;;3;4;3;;2;1;1;1;5;1;1;7;5;;;;2;;1;;4;1;;186;;;
;34;;37;40;77;53;34;36;25;42;50;55;19;33;74;18;26;46;10;13;12;9;8;30;11;17;9;53;24;43;6;4;9;7;3;12;6;40;29;18;12;19;8;6;1;3;;;3;4;3;;2;1;1;1;4;1;1;6;5;;;;2;;1;;4;1;;223;;;
;34;;37;40;76;53;33;36;25;43;52;57;18;33;74;18;26;48;9;13;13;9;8;29;11;16;8;53;21;42;6;4;9;5;3;12;5;37;27;17;12;18;8;6;1;3;;;2;4;3;;2;1;1;1;4;1;1;6;5;;;;2;;1;;4;1;;249;;;
;34;;36;39;79;53;34;38;23;43;52;56;18;31;74;18;25;48;9;12;12;9;7;26;10;16;8;52;21;41;5;4;8;5;3;12;5;36;27;16;13;18;8;6;1;3;;;2;4;2;;1;1;1;1;4;1;1;6;5;;;;2;;1;;4;1;;297;;;
;32;;35;39;79;55;34;38;22;42;53;54;19;32;70;18;25;47;8;11;11;9;7;27;11;16;7;51;20;39;5;4;8;5;2;11;5;34;26;15;13;18;8;6;1;3;;;2;4;2;;1;1;1;1;4;1;1;6;5;;;;2;;0;;4;1;;325;;;
;31;;35;37;81;55;36;37;22;40;51;54;19;32;68;17;25;48;8;11;11;9;7;27;11;16;7;51;20;39;5;4;8;5;2;11;5;33;25;14;13;18;8;6;1;3;;;2;4;2;;0;1;1;1;4;1;1;6;5;;;;2;;;;4;1;;359;;;
;29;;34;37;81;54;36;35;21;38;52;54;17;32;67;16;25;47;8;11;11;9;7;27;11;16;6;49;20;39;5;3;8;5;2;11;5;33;24;14;12;17;8;6;1;3;;;2;4;2;;;1;1;1;4;1;0;5;5;;;;2;;;;4;1;;390;;;
;29;;34;36;82;55;34;35;21;39;52;52;17;32;68;16;26;47;8;11;11;9;6;27;11;15;5;50;19;39;5;3;8;5;2;11;5;32;23;14;12;17;7;6;1;2;;;2;4;2;;;1;1;1;4;1;;5;5;;;;2;;;;4;1;;439;;;
;28;;34;35;82;54;34;37;22;38;50;52;17;31;67;15;27;46;8;10;11;9;6;27;10;15;5;49;19;37;5;3;8;5;2;11;5;32;24;13;12;17;7;6;1;1;;;2;4;2;;;1;1;1;4;1;;5;5;;;;2;;;;3;1;;483;;;
;28;;30;35;79;54;33;35;23;39;49;52;17;31;66;16;26;47;8;10;11;9;6;25;10;14;5;48;19;38;5;3;8;5;2;10;5;32;23;15;12;17;7;6;1;1;;;2;4;2;;;1;1;1;4;1;;4;5;;;;2;;;;3;1;;512;;;
;28;;30;32;79;53;33;34;23;37;49;51;17;31;67;16;27;46;8;10;11;9;6;26;10;14;4;43;18;38;5;3;8;5;2;10;5;30;23;15;12;17;7;5;1;1;;;2;4;2;;;1;1;0;4;1;;4;5;;;;1;;;;3;1;;512;;;
;27;;30;32;78;52;34;35;21;37;49;51;16;30;65;16;26;45;8;11;11;9;6;27;10;14;4;42;17;36;5;3;8;4;2;10;5;28;22;14;12;18;7;4;1;1;;;2;3;2;;;1;1;;4;1;;4;5;;;;1;;;;3;1;;512;;;
;27;;30;34;79;50;35;35;20;35;49;50;17;29;64;16;26;45;8;11;11;8;5;27;10;12;5;39;16;35;6;3;8;4;2;10;5;27;23;12;12;18;7;4;1;1;;;2;3;2;;;1;1;;4;1;;4;5;;;;0;;;;3;1;;512;;;
;26;;31;34;78;49;35;35;18;34;49;50;17;29;62;17;25;45;9;12;11;7;5;27;10;12;5;38;16;35;6;3;5;3;2;10;4;26;22;12;12;19;7;4;1;1;;;2;3;2;;;1;1;;5;1;;3;5;;;;;;;;3;1;;514;;;
;26;;31;35;76;47;38;35;18;33;48;48;17;28;61;16;25;46;9;12;11;7;5;25;10;12;5;40;16;35;6;3;5;3;2;10;4;23;19;12;13;19;7;4;1;1;;;3;3;2;;;1;1;;5;1;;3;5;;;;;;;;3;1;;516;;;
;26;;31;33;76;45;38;35;18;33;47;46;17;27;58;17;25;42;8;12;11;7;4;24;10;12;5;38;16;35;6;3;5;2;2;10;4;22;19;12;12;19;7;4;1;1;;;3;3;2;;;1;1;;5;1;;3;5;;;;;;;;3;1;;516;;;
;24;;30;33;74;42;38;34;18;34;45;44;16;27;58;15;25;43;8;13;11;6;3;24;10;12;5;37;16;33;6;3;5;2;2;12;4;22;20;12;12;17;7;4;1;1;;;3;3;2;;;1;1;;5;1;;3;5;;;;;;;;3;1;;517;;;
;24;;29;33;74;43;37;34;18;31;45;44;17;26;58;15;24;41;9;13;11;5;3;24;9;11;5;36;17;33;6;3;5;2;2;12;4;18;20;13;12;17;7;4;1;1;;;3;3;2;;;0;1;;4;1;;3;5;;;;;;;;3;1;;518;;;
;24;;27;33;70;41;35;34;18;31;46;43;17;24;57;15;23;39;8;13;12;5;2;23;9;10;4;35;17;33;6;3;4;2;2;12;4;18;19;13;11;17;5;4;1;1;;;3;3;2;;;;1;;4;1;;3;5;;;;;;;;2;0;;519;;;
;24;;28;34;71;40;35;33;18;31;45;43;17;24;59;13;23;38;8;13;11;4;2;22;8;10;3;36;18;34;5;3;4;0;2;12;5;16;18;13;11;17;3;4;1;1;;;3;3;2;;;;1;;4;1;;3;5;;;;;;;;2;;;518;;;
;24;;29;32;69;41;36;30;18;31;43;42;16;20;56;13;24;37;8;13;11;4;2;22;8;9;3;36;17;32;5;3;4;;2;12;5;16;17;13;10;17;2;3;1;1;;;3;3;2;;;;1;;4;1;;3;5;;;;;;;;0;;;519;;;
;24;;30;32;68;39;35;28;15;30;41;43;15;20;57;13;24;38;8;13;11;4;2;21;6;9;3;36;18;34;5;3;4;;3;12;5;16;18;13;10;16;2;3;1;1;;;3;3;2;;;;1;;4;1;;3;5;;;;;;;;;;;518;;;
;23;;30;33;68;38;36;30;15;27;40;43;15;20;56;12;24;39;8;15;12;4;3;20;6;9;3;35;18;33;5;3;4;;3;12;5;16;18;13;11;15;2;3;1;1;;;3;3;1;;;;1;;4;1;;3;5;;;;;;;;;;;519;;;
;22;;28;33;70;39;33;28;14;26;39;43;15;20;55;12;23;39;7;15;11;3;2;21;5;9;3;34;18;33;5;3;4;;3;12;5;15;19;14;11;14;2;3;1;1;;;3;3;1;;;;0;;4;1;;3;5;;;;;;;;;;;518;;;
;21;;28;34;67;39;33;28;15;27;39;44;15;20;56;12;23;39;7;14;11;3;2;22;3;9;3;35;19;33;4;3;4;;3;12;6;15;17;14;12;14;3;3;1;1;;;3;2;1;;;;;;4;1;;3;5;;;;;;;;;;;518;;;
;19;;28;34;62;37;33;28;15;27;39;44;14;20;57;12;22;38;8;14;11;2;2;22;2;9;3;34;19;34;4;3;4;;3;12;6;15;16;14;12;13;3;2;1;1;;;3;2;1;;;;;;4;1;;3;4;;;;;;;;;;;519;;;
;19;;28;33;62;36;32;28;14;25;38;39;14;22;57;12;21;37;8;14;11;2;2;20;1;9;3;34;21;34;4;3;4;;4;12;7;15;15;14;12;12;3;2;1;0;;;3;2;1;;;;;;4;1;;3;3;;;;;;;;;;;521;;;
;19;;27;33;60;33;31;29;13;25;38;39;13;20;56;12;21;37;8;15;11;2;2;19;1;8;3;34;21;34;4;3;4;;4;12;7;15;14;14;11;12;4;2;1;;;;3;2;1;;;;;;4;0;;3;2;;;;;;;;;;;522;;;
;19;;25;30;60;29;29;27;13;22;40;38;13;21;56;12;21;36;8;15;11;2;2;19;1;7;3;34;21;35;4;3;4;;4;11;7;15;14;14;11;12;4;2;1;;;;3;2;1;;;;;;4;;;2;2;;;;;;;;;;;522;;;
;19;;22;30;60;30;30;28;13;22;38;38;13;21;56;12;20;36;8;15;10;2;2;18;1;7;3;34;21;34;4;3;4;;4;11;8;15;14;13;10;11;4;2;1;;;;3;2;1;;;;;;4;;;2;2;;;;;;;;;;;524;;;
;16;;21;30;59;29;29;27;12;22;40;37;13;21;54;12;20;37;8;14;10;2;2;18;1;7;3;34;21;36;3;3;4;;4;11;8;14;14;13;9;10;4;2;1;;;;3;2;1;;;;;;4;;;2;2;;;;;;;;;;;524;;;
;15;;21;32;55;29;28;26;12;22;39;39;12;21;53;12;20;38;8;14;9;2;2;17;1;7;2;34;21;34;3;3;4;;4;11;7;14;14;13;8;10;3;2;1;;;;3;1;1;;;;;;3;;;2;2;;;;;;;;;;;525;;;
;15;;21;31;56;27;28;25;12;22;36;40;12;20;53;12;20;37;7;16;9;2;2;17;1;7;2;34;21;34;3;2;2;;4;10;7;14;14;13;8;10;3;2;2;;;;3;1;1;;;;;;3;;;2;2;;;;;;;;;;;524;;;
;16;;21;31;56;26;28;25;12;21;36;40;12;20;53;12;18;39;7;16;9;2;2;18;1;7;2;34;19;33;3;2;2;;4;9;7;14;12;12;8;10;3;2;2;;;;2;1;1;;;;;;3;;;2;2;;;;;;;;;;;525;;;
;15;;21;30;54;28;28;24;12;20;35;38;11;21;52;12;17;39;7;16;8;2;2;18;1;7;2;31;18;31;3;2;2;;2;9;6;14;12;10;8;10;3;2;1;;;;1;1;1;;;;;;3;;;2;2;;;;;;;;;;;527;;;
;15;;22;29;54;26;28;21;14;19;35;40;10;21;54;12;17;40;7;16;8;2;2;18;1;7;2;30;18;29;3;2;2;;2;8;6;14;12;10;7;10;3;1;1;;;;1;1;1;;;;;;3;;;2;2;;;;;;;;;;;522;;;
;15;;21;28;53;28;27;21;14;19;35;42;9;21;52;11;16;40;7;16;8;2;1;18;1;7;2;29;18;28;2;2;2;;2;8;6;13;12;10;7;9;3;1;1;;;;1;1;0;;;;;;3;;;2;2;;;;;;;;;;;519;;;
;14;;21;29;52;29;26;20;14;19;33;41;9;21;51;11;16;37;7;16;8;2;1;18;1;6;2;26;18;28;2;2;2;;2;7;6;13;12;10;8;9;3;1;1;;;;1;1;;;;;;;3;;;2;2;;;;;;;;;;;527;;;
;12;;20;29;51;29;25;21;14;17;32;38;9;21;53;12;16;37;6;17;9;2;1;18;1;6;2;26;18;27;2;2;2;;2;7;6;12;12;10;8;9;3;1;1;;;;1;1;;;;;;;3;;;2;2;;;;;;;;;;;531;;;
;12;;20;31;50;30;25;20;13;16;35;38;9;21;52;12;14;37;6;17;8;2;1;18;1;6;1;23;18;27;2;2;1;;2;7;6;10;12;8;8;9;3;1;1;;;;1;0;;;;;;;3;;;2;2;;;;;;;;;;;530;;;
;11;;20;31;51;31;24;20;12;16;35;38;9;22;55;12;14;36;5;18;8;2;1;18;1;5;1;22;18;26;2;2;1;;2;7;6;10;12;8;8;9;3;1;1;;;;1;;;;;;;;3;;;2;2;;;;;;;;;;;533;;;
;11;;20;30;54;29;25;20;12;15;36;38;9;20;57;13;14;37;4;20;8;1;1;18;1;5;1;22;16;25;2;2;1;;2;7;7;9;11;7;8;9;3;1;2;;;;1;;;;;;;;3;;;3;2;;;;;;;;;;;526;;;
;12;;20;28;53;28;25;19;12;13;35;37;9;20;57;12;13;37;4;20;8;1;1;17;1;5;1;22;17;25;2;2;0;;2;7;7;8;11;7;8;10;3;1;2;;;;1;;;;;;;;3;;;3;1;;;;;;;;;;;525;;;
;11;;20;28;53;27;26;18;9;12;35;37;10;20;56;11;13;36;4;20;8;1;1;17;1;5;1;22;17;24;2;2;;;2;7;7;8;11;7;8;10;3;1;2;;;;1;;;;;;;;3;;;3;0;;;;;;;;;;;522;;;
;11;;20;28;52;28;26;18;9;12;40;35;10;20;51;10;13;36;3;21;8;1;1;18;1;4;1;22;15;23;2;2;;;2;6;7;8;11;7;8;9;3;1;2;;;;1;;;;;;;;3;;;3;;;;;;;;;;;;522;;;
;11;;19;28;46;26;28;17;10;12;39;35;10;20;53;10;13;37;3;21;6;1;1;17;1;3;1;22;15;23;2;3;;;2;7;8;7;11;7;8;9;3;1;2;;;;1;;;;;;;;3;;;4;;;;;;;;;;;;517;;;
;11;;19;27;45;25;26;17;10;12;39;35;10;20;52;10;12;35;3;22;6;1;1;16;1;2;1;22;15;21;2;3;;;2;7;8;7;11;7;8;9;3;1;2;;;;1;;;;;;;;3;;;4;;;;;;;;;;;;512;;;
;10;;19;27;45;25;26;17;10;12;37;37;10;20;52;10;12;32;3;22;5;1;1;16;1;2;1;21;15;20;2;2;;;2;7;8;7;11;7;7;9;4;1;2;;;;1;;;;;;;;3;;;4;;;;;;;;;;;;510;;;
;10;;17;26;44;24;25;16;10;12;38;35;11;20;52;9;12;32;3;22;5;1;1;15;1;2;1;20;15;20;2;2;;;2;7;8;7;11;7;7;9;4;1;2;;;;1;;;;;;;;3;;;4;;;;;;;;;;;;510;;;
;10;;15;26;41;22;25;17;11;12;38;34;11;20;51;9;12;30;3;23;5;1;1;14;1;2;1;18;15;19;2;2;;;2;7;9;6;11;7;7;9;4;1;2;;;;1;;;;;;;;3;;;3;;;;;;;;;;;;507;;;
;10;;15;26;41;21;25;17;11;12;40;33;11;20;53;8;12;30;3;23;5;0;1;13;1;1;1;17;15;19;2;1;;;2;7;9;6;11;7;7;8;4;1;2;;;;1;;;;;;;;3;;;2;;;;;;;;;;;;501;;;
;8;;16;25;40;21;26;17;11;12;39;34;11;20;53;8;12;30;3;23;5;;1;12;1;1;1;17;15;19;2;1;;;2;7;9;6;10;7;7;6;4;1;2;;;;1;;;;;;;;3;;;2;;;;;;;;;;;;487;;;
;8;;16;25;40;21;25;17;13;11;39;34;10;20;54;8;12;30;3;22;4;;1;12;1;1;1;17;15;18;2;1;;;2;7;9;6;10;6;7;6;4;1;2;;;;1;;;;;;;;3;;;2;;;;;;;;;;;;482;;;
;8;;15;25;41;21;25;17;14;11;39;36;8;26;51;8;12;29;3;23;4;;1;12;1;2;1;16;15;18;2;1;;;2;7;9;6;9;6;8;6;4;1;2;;;;1;;;;;;;;3;;;2;;;;;;;;;;;;471;;;
;8;;15;25;41;21;25;17;15;11;37;36;7;25;51;8;12;28;3;23;4;;1;12;1;2;1;15;15;18;2;1;;;2;7;8;6;7;6;8;6;4;1;2;;;;1;;;;;;;;3;;;2;;;;;;;;;;;;452;;;
;8;;15;22;41;21;24;16;14;11;38;35;7;23;52;8;12;29;3;23;4;;1;12;1;2;1;14;15;18;2;1;;;2;6;8;6;7;6;8;6;4;1;2;;;;1;;;;;;;;3;;;2;;;;;;;;;;;;437;;;
;8;;15;21;41;20;23;15;14;11;37;34;7;23;54;8;12;29;3;23;4;;1;12;1;2;1;12;15;16;2;1;;;2;6;8;4;7;6;8;6;4;1;2;;;;1;;;;;;;;3;;;2;;;;;;;;;;;;418;;;
;8;;14;20;41;20;22;14;15;11;37;33;7;23;55;8;12;28;3;23;4;;1;12;1;2;1;12;12;14;2;1;;;3;6;8;4;7;6;8;5;4;2;2;;;;1;;;;;;;;3;;;2;;;;;;;;;;;;388;;;
;9;;14;21;40;20;23;17;15;11;36;32;7;24;53;7;11;26;3;22;3;;1;12;1;2;1;12;12;15;2;1;;;3;6;8;4;8;6;8;4;4;2;2;;;;1;;;;;;;;2;;;2;;;;;;;;;;;;357;;;
;9;;14;20;40;21;25;16;15;10;36;30;7;25;53;7;11;28;3;21;3;;1;12;1;2;1;11;12;15;2;1;;;3;6;8;4;8;6;7;4;4;2;2;;;;1;;;;;;;;2;;;2;;;;;;;;;;;;323;;;
;9;;14;19;35;20;25;15;15;10;35;31;7;26;53;7;11;28;3;21;3;;1;11;0;2;1;11;12;15;2;1;;;3;7;8;4;8;6;7;4;4;2;2;;;;1;;;;;;;;2;;;2;;;;;;;;;;;;286;;;
;9;;13;19;31;18;27;15;15;10;35;32;6;25;54;8;9;27;3;21;3;;1;11;;2;1;11;12;15;2;1;;;3;7;8;4;8;6;7;4;4;2;2;;;;1;;;;;;;;2;;;2;;;;;;;;;;;;261;;;
;9;;12;20;29;18;25;15;15;10;35;31;6;26;55;8;9;27;3;21;3;;1;10;;2;1;10;12;15;2;1;;;3;7;8;4;8;6;7;4;4;2;2;;;;1;;;;;;;;2;;;2;;;;;;;;;;;;229;;;
;9;;12;20;28;18;26;14;15;10;36;32;6;27;52;8;9;27;3;21;3;;1;9;;2;1;10;12;15;2;1;;;3;7;8;4;8;6;6;4;4;2;2;;;;1;;;;;;;;2;;;2;;;;;;;;;;;;196;;;
;8;;12;20;28;18;26;14;14;8;36;33;6;26;52;9;8;27;3;22;3;;1;9;;2;1;9;12;16;2;1;;;3;8;8;4;8;6;6;4;4;1;2;;;;1;;;;;;;;2;;;2;;;;;;;;;;;;142;;;
;8;;12;20;26;18;26;14;14;7;37;33;6;24;52;9;8;28;3;22;3;;1;9;;2;1;9;12;15;2;1;;;3;8;8;4;7;7;6;4;4;1;2;;;;1;;;;;;;;2;;;2;;;;;;;;;;;;105;;;
;8;;11;21;26;18;25;14;13;6;37;33;6;24;50;8;7;28;3;22;3;;1;10;;2;1;9;12;15;2;1;;;3;8;8;4;7;5;6;4;4;1;2;;;;1;;;;;;;;2;;;2;;;;;;;;;;;;93;;;
;8;;11;21;26;18;23;13;13;6;37;32;6;24;49;8;6;28;3;21;3;;1;9;;2;1;9;12;15;2;1;;;3;8;8;4;7;5;6;4;4;1;2;;;;1;;;;;;;;2;;;2;;;;;;;;;;;;92;;;
;8;;10;22;26;18;23;13;13;6;36;31;6;24;49;8;6;28;4;20;3;;1;8;;2;0;9;12;14;1;1;;;3;8;8;4;5;5;6;3;4;1;2;;;;1;;;;;;;;2;;;2;;;;;;;;;;;;93;;;
;7;;10;22;25;18;21;13;15;6;35;31;5;24;52;7;6;28;4;20;4;;1;9;;2;;9;11;14;1;1;;;3;8;8;4;5;5;6;3;4;1;2;;;;1;;;;;;;;2;;;2;;;;;;;;;;;;91;;;
;8;;9;22;28;19;22;13;16;6;38;30;5;24;55;8;5;28;3;19;4;;1;9;;1;;8;11;14;1;1;;;3;8;8;4;5;5;5;3;4;1;2;;;;0;;;;;;;;1;;;2;;;;;;;;;;;;91;;;
;8;;9;22;28;19;20;13;16;6;38;30;5;25;56;7;5;26;3;20;4;;1;9;;1;;7;11;14;1;1;;;3;9;8;4;5;5;4;3;4;1;2;;;;;;;;;;;;1;;;2;;;;;;;;;;;;89;;;
;8;;9;23;27;19;22;13;17;5;38;29;5;24;55;7;5;26;3;20;4;;1;9;;1;;7;11;15;1;1;;;3;8;8;3;4;7;4;3;4;1;2;;;;;;;;;;;;1;;;2;;;;;;;;;;;;89;;;
;7;;9;23;27;19;23;14;17;5;38;29;4;26;55;6;4;24;3;19;4;;1;9;;1;;7;10;15;0;1;;;3;6;8;3;4;7;4;3;4;1;2;;;;;;;;;;;;1;;;2;;;;;;;;;;;;87;;;
;7;;9;24;28;19;23;14;17;5;38;29;4;28;56;6;4;24;2;19;4;;1;9;;1;;7;10;15;;1;;;3;6;8;3;4;8;4;3;4;1;2;;;;;;;;;;;;1;;;2;;;;;;;;;;;;86;;;
;7;;9;23;27;19;23;15;17;5;38;28;4;28;56;5;4;24;2;20;3;;1;10;;1;;6;10;15;;1;;;3;6;8;3;4;8;4;3;4;1;2;;;;;;;;;;;;1;;;2;;;;;;;;;;;;86;;;
;7;;8;23;27;18;23;15;17;4;39;28;4;28;54;5;3;24;2;20;5;;1;10;;1;;6;9;14;;1;;;3;6;6;3;4;8;4;3;4;1;2;;;;;;;;;;;;1;;;2;;;;;;;;;;;;86;;;
;6;;7;23;27;18;24;15;19;4;38;27;4;28;54;5;3;23;2;20;6;;1;10;;1;;5;9;14;;1;;;2;6;6;3;3;8;4;3;4;1;2;;;;;;;;;;;;1;;;2;;;;;;;;;;;;85;;;
;6;;6;24;24;18;23;13;19;4;38;26;4;27;53;5;3;23;2;18;5;;0;10;;1;;5;9;13;;1;;;2;6;6;3;3;7;3;3;4;1;2;;;;;;;;;;;;1;;;2;;;;;;;;;;;;84;;;
;6;;6;23;22;17;23;13;19;4;38;26;4;27;53;5;3;22;2;17;5;;;10;;1;;5;9;13;;1;;;2;6;6;3;3;6;3;3;4;1;2;;;;;;;;;;;;1;;;2;;;;;;;;;;;;83;;;
;6;;6;23;21;17;23;13;18;3;38;26;4;26;50;5;3;22;2;17;5;;;9;;1;;5;8;13;;1;;;2;6;5;3;2;6;2;3;3;1;2;;;;;;;;;;;;1;;;2;;;;;;;;;;;;83;;;
;6;;6;23;22;18;23;13;18;3;39;26;3;26;50;5;3;19;2;17;5;;;9;;1;;4;9;13;;1;;;2;6;5;3;2;6;2;3;3;1;2;;;;;;;;;;;;0;;;2;;;;;;;;;;;;82;;;
;5;;6;24;22;18;23;13;18;2;41;26;3;24;51;5;3;20;1;17;5;;;9;;1;;4;7;12;;1;;;1;6;4;3;2;6;2;3;3;1;2;;;;;;;;;;;;;;;2;;;;;;;;;;;;81;;;
;5;;6;24;22;19;23;12;18;2;41;24;3;23;51;5;3;20;1;15;6;;;9;;1;;4;7;12;;1;;;1;6;4;2;2;6;2;3;3;1;2;;;;;;;;;;;;;;;2;;;;;;;;;;;;79;;;
;5;;6;24;26;19;24;13;18;2;44;23;3;23;51;5;3;20;1;15;6;;;9;;1;;4;7;11;;1;;;1;6;4;2;2;6;2;3;2;2;2;;;;;;;;;;;;;;;2;;;;;;;;;;;;80;;;
;5;;6;25;26;19;24;12;20;2;43;24;3;22;50;5;3;20;1;15;6;;;9;;1;;4;7;9;;1;;;1;6;3;2;2;6;2;3;2;2;2;;;;;;;;;;;;;;;2;;;;;;;;;;;;80;;;
;5;;6;25;25;19;23;12;21;2;42;24;3;22;51;5;3;18;1;15;6;;;9;;1;;4;7;7;;1;;;1;6;3;2;2;6;2;3;2;2;2;;;;;;;;;;;;;;;2;;;;;;;;;;;;78;;;
;5;;5;23;25;18;23;12;23;2;42;23;3;22;51;5;3;16;1;15;6;;;9;;1;;4;7;7;;1;;;1;6;3;2;2;5;2;3;2;2;2;;;;;;;;;;;;;;;2;;;;;;;;;;;;77;;;
;6;;5;22;24;18;24;13;23;1;42;22;3;23;51;5;3;14;1;13;6;;;9;;1;;4;7;7;;1;;;1;6;3;2;2;5;2;3;2;2;1;;;;;;;;;;;;;;;2;;;;;;;;;;;;77;;;
;5;;4;22;25;19;24;13;23;1;42;21;3;23;51;5;3;11;1;12;6;;;9;;1;;4;8;7;;1;;;1;6;3;2;2;5;2;3;2;2;1;;;;;;;;;;;;;;;2;;;;;;;;;;;;75;;;
;5;;4;22;25;19;26;13;24;1;42;21;3;26;52;5;3;11;1;12;6;;;8;;1;;4;7;7;;1;;;1;6;3;1;2;5;2;3;1;2;1;;;;;;;;;;;;;;;2;;;;;;;;;;;;73;;;
;5;;4;21;26;17;26;14;23;1;43;21;3;25;51;5;3;11;1;12;6;;;9;;1;;4;6;7;;1;;;1;6;3;1;2;5;2;3;1;2;1;;;;;;;;;;;;;;;2;;;;;;;;;;;;73;;;
;5;;3;21;26;15;26;14;23;1;45;19;3;25;51;5;4;10;1;12;6;;;9;;1;;4;5;6;;1;;;1;6;3;1;2;5;2;3;1;2;1;;;;;;;;;;;;;;;2;;;;;;;;;;;;72;;;
;5;;3;20;27;15;26;14;23;1;45;18;3;26;51;5;4;10;1;12;6;;;9;;1;;4;6;6;;1;;;1;6;3;1;2;5;1;3;1;2;1;;;;;;;;;;;;;;;2;;;;;;;;;;;;67;;;
;4;;3;20;27;14;26;12;23;1;45;18;3;25;51;4;3;10;1;11;6;;;9;;1;;4;6;6;;1;;;1;6;3;1;2;5;1;2;1;2;1;;;;;;;;;;;;;;;2;;;;;;;;;;;;63;;;
;4;;3;19;29;12;25;12;23;0;43;19;3;25;50;4;3;10;1;11;6;;;9;;1;;4;6;6;;1;;;1;5;3;1;2;6;1;2;1;2;1;;;;;;;;;;;;;;;2;;;;;;;;;;;;60;;;
;4;;3;19;28;12;26;13;23;;43;20;3;26;46;4;3;10;1;11;6;;;9;;1;;4;6;6;;1;;;1;5;3;0;3;6;1;2;1;2;1;;;;;;;;;;;;;;;2;;;;;;;;;;;;55;;;
;4;;3;18;26;11;26;13;23;;43;19;3;25;45;4;3;10;1;10;6;;;9;;1;;4;6;6;;1;;;1;5;2;;3;6;1;2;1;2;0;;;;;;;;;;;;;;;2;;;;;;;;;;;;53;;;
;4;;3;18;25;11;26;13;24;;42;19;3;25;45;3;3;10;1;9;6;;;9;;1;;4;5;6;;1;;;1;5;2;;3;6;1;1;1;2;;;;;;;;;;;;;;;;1;;;;;;;;;;;;54;;;
;3;;3;18;25;11;26;13;24;;41;19;3;26;44;3;3;10;1;10;6;;;9;;1;;3;5;6;;1;;;1;5;2;;2;6;1;1;1;2;;;;;;;;;;;;;;;;1;;;;;;;;;;;;51;;;
;3;;3;18;25;11;26;14;25;;37;19;2;27;44;3;3;10;1;9;6;;;8;;1;;3;7;6;;1;;;1;4;2;;2;6;1;1;1;2;;;;;;;;;;;;;;;;1;;;;;;;;;;;;47;;;
;3;;3;18;26;11;28;14;24;;35;20;2;29;42;3;4;10;1;9;6;;;8;;1;;3;8;6;;1;;;1;4;2;;2;6;1;1;1;2;;;;;;;;;;;;;;;;1;;;;;;;;;;;;47;;;
;3;;3;17;26;11;26;14;24;;35;20;2;29;43;3;4;9;1;8;6;;;8;;1;;2;9;5;;0;;;1;3;1;;2;6;1;1;1;2;;;;;;;;;;;;;;;;0;;;;;;;;;;;;46;;;
;3;;3;17;27;11;27;14;24;;34;17;2;29;42;4;4;9;1;8;6;;;8;;1;;2;9;5;;;;;1;3;1;;2;6;1;1;0;2;;;;;;;;;;;;;;;;;;;;;;;;;;;;45;;;
;3;;3;17;27;11;28;14;24;;33;17;1;30;42;4;4;9;1;8;6;;;8;;1;;2;9;5;;;;;1;3;1;;2;7;1;1;;2;;;;;;;;;;;;;;;;;;;;;;;;;;;;42;;;
;3;;3;19;27;10;27;13;23;;33;17;1;31;44;4;4;9;1;7;7;;;8;;1;;2;9;5;;;;;1;3;1;;2;7;1;1;;2;;;;;;;;;;;;;;;;;;;;;;;;;;;;41;;;
;3;;3;20;31;10;27;13;23;;32;16;1;31;45;5;4;10;1;7;7;;;8;;1;;2;9;5;;;;;1;3;0;;2;7;1;1;;2;;;;;;;;;;;;;;;;;;;;;;;;;;;;39;;;
;3;;3;20;35;10;26;13;23;;34;15;1;33;43;5;4;10;1;7;7;;;8;;1;;2;9;5;;;;;1;3;;;2;7;1;1;;3;;;;;;;;;;;;;;;;;;;;;;;;;;;;38;;;
;4;;2;20;36;10;26;13;22;;33;16;1;33;41;5;4;10;1;7;7;;;8;;1;;2;9;5;;;;;1;3;;;2;7;1;1;;3;;;;;;;;;;;;;;;;;;;;;;;;;;;;34;;;
;4;;2;20;35;10;26;13;22;;33;15;1;30;41;5;4;9;1;5;7;;;8;;1;;2;9;5;;;;;1;3;;;2;7;1;1;;3;;;;;;;;;;;;;;;;;;;;;;;;;;;;28;;;
;4;;2;20;35;9;27;13;21;;33;14;1;28;40;5;4;9;1;5;7;;;8;;0;;2;9;5;;;;;1;3;;;2;7;0;1;;3;;;;;;;;;;;;;;;;;;;;;;;;;;;;27;;;
;4;;2;20;35;9;27;13;20;;33;14;1;29;41;5;4;10;1;5;7;;;7;;;;1;9;5;;;;;1;3;;;2;7;;1;;3;;;;;;;;;;;;;;;;;;;;;;;;;;;;24;;;
;4;;2;20;33;9;27;14;20;;32;13;0;29;39;5;4;9;1;5;7;;;7;;;;1;9;5;;;;;1;3;;;2;8;;1;;3;;;;;;;;;;;;;;;;;;;;;;;;;;;;21;;;
;4;;2;19;31;9;28;14;21;;31;13;;29;36;5;4;9;1;6;7;;;7;;;;1;10;5;;;;;0;3;;;2;8;;1;;2;;;;;;;;;;;;;;;;;;;;;;;;;;;;21;;;
;4;;2;19;31;9;28;14;20;;31;13;;28;36;5;4;9;1;6;7;;;7;;;;0;10;5;;;;;;3;;;1;8;;1;;2;;;;;;;;;;;;;;;;;;;;;;;;;;;;18;;;
;4;;2;19;31;8;28;12;19;;30;14;;28;37;5;4;8;1;6;7;;;7;;;;;10;4;;;;;;3;;;1;8;;1;;2;;;;;;;;;;;;;;;;;;;;;;;;;;;;16;;;
;4;;1;19;31;8;26;11;19;;31;13;;27;36;5;4;7;1;6;7;;;8;;;;;10;4;;;;;;3;;;1;8;;1;;2;;;;;;;;;;;;;;;;;;;;;;;;;;;;15;;;
;4;;1;19;31;8;25;11;19;;31;12;;27;38;4;4;6;1;6;7;;;8;;;;;10;4;;;;;;2;;;1;8;;1;;4;;;;;;;;;;;;;;;;;;;;;;;;;;;;12;;;
;4;;1;18;32;8;23;11;19;;30;11;;26;36;4;4;6;1;6;7;;;8;;;;;10;4;;;;;;2;;;1;8;;1;;4;;;;;;;;;;;;;;;;;;;;;;;;;;;;11;;;
;4;;1;18;32;8;23;11;19;;29;11;;27;36;4;4;6;1;6;7;;;8;;;;;10;3;;;;;;2;;;1;8;;1;;4;;;;;;;;;;;;;;;;;;;;;;;;;;;;11;;;
;4;;1;18;31;7;23;11;18;;28;9;;26;37;4;4;6;1;5;7;;;8;;;;;10;3;;;;;;1;;;1;8;;1;;4;;;;;;;;;;;;;;;;;;;;;;;;;;;;11;;;
;4;;1;18;31;7;25;9;18;;29;9;;26;36;3;4;5;1;5;7;;;8;;;;;10;2;;;;;;1;;;1;7;;1;;4;;;;;;;;;;;;;;;;;;;;;;;;;;;;10;;;
;4;;1;18;30;7;26;9;18;;28;9;;26;36;3;3;4;1;5;7;;;8;;;;;10;2;;;;;;1;;;1;7;;1;;4;;;;;;;;;;;;;;;;;;;;;;;;;;;;9;;;
;4;;1;17;29;7;29;9;18;;29;9;;27;37;3;3;4;1;5;7;;;6;;;;;10;2;;;;;;1;;;1;7;;1;;4;;;;;;;;;;;;;;;;;;;;;;;;;;;;9;;;
;4;;1;16;29;7;29;9;19;;29;9;;27;38;3;3;4;0;5;7;;;6;;;;;10;2;;;;;;1;;;1;7;;1;;4;;;;;;;;;;;;;;;;;;;;;;;;;;;;8;;;
;4;;1;15;29;7;30;9;20;;30;9;;27;37;3;3;4;;5;6;;;6;;;;;13;2;;;;;;1;;;1;7;;1;;4;;;;;;;;;;;;;;;;;;;;;;;;;;;;8;;;
;3;;1;14;28;7;31;9;17;;30;9;;27;34;2;3;4;;5;6;;;5;;;;;14;2;;;;;;1;;;1;7;;0;;4;;;;;;;;;;;;;;;;;;;;;;;;;;;;8;;;
;3;;1;15;26;6;30;9;17;;28;9;;27;33;2;3;4;;5;6;;;5;;;;;14;2;;;;;;1;;;1;7;;;;4;;;;;;;;;;;;;;;;;;;;;;;;;;;;8;;;
;3;;1;15;28;6;32;9;16;;27;9;;31;33;2;3;4;;4;6;;;5;;;;;14;1;;;;;;0;;;1;7;;;;4;;;;;;;;;;;;;;;;;;;;;;;;;;;;8;;;
;3;;1;16;28;6;29;8;16;;27;9;;29;34;2;3;4;;4;6;;;5;;;;;14;1;;;;;;;;;1;5;;;;4;;;;;;;;;;;;;;;;;;;;;;;;;;;;8;;;
;3;;1;15;28;7;29;8;16;;29;11;;27;34;2;3;4;;4;6;;;5;;;;;14;1;;;;;;;;;1;4;;;;4;;;;;;;;;;;;;;;;;;;;;;;;;;;;8;;;
;3;;1;15;28;6;29;8;16;;27;11;;26;35;2;3;4;;4;6;;;4;;;;;13;1;;;;;;;;;1;4;;;;4;;;;;;;;;;;;;;;;;;;;;;;;;;;;8;;;
;3;;1;15;28;6;29;8;16;;25;11;;26;34;2;3;5;;3;4;;;4;;;;;13;1;;;;;;;;;1;4;;;;4;;;;;;;;;;;;;;;;;;;;;;;;;;;;8;;;
;3;;1;15;28;6;29;8;14;;25;11;;25;34;2;2;5;;3;4;;;4;;;;;12;1;;;;;;;;;1;4;;;;4;;;;;;;;;;;;;;;;;;;;;;;;;;;;8;;;
;3;;0;14;28;6;28;8;14;;25;12;;25;36;2;2;5;;3;3;;;4;;;;;12;0;;;;;;;;;1;4;;;;4;;;;;;;;;;;;;;;;;;;;;;;;;;;;8;;;
;3;;;14;28;6;29;8;14;;25;13;;25;37;2;2;5;;3;3;;;5;;;;;12;;;;;;;;;;1;4;;;;4;;;;;;;;;;;;;;;;;;;;;;;;;;;;8;;;
;3;;;14;28;6;29;8;14;;25;12;;25;39;2;2;5;;3;3;;;4;;;;;12;;;;;;;;;;1;4;;;;4;;;;;;;;;;;;;;;;;;;;;;;;;;;;8;;;
;3;;;13;29;5;30;8;14;;25;12;;25;40;2;2;5;;3;3;;;4;;;;;11;;;;;;;;;;1;4;;;;4;;;;;;;;;;;;;;;;;;;;;;;;;;;;7;;;
;3;;;12;28;5;30;8;14;;23;12;;26;39;2;2;5;;3;3;;;4;;;;;11;;;;;;;;;;1;4;;;;4;;;;;;;;;;;;;;;;;;;;;;;;;;;;7;;;
;3;;;11;28;4;30;8;14;;24;12;;26;38;2;2;5;;3;2;;;4;;;;;12;;;;;;;;;;1;4;;;;4;;;;;;;;;;;;;;;;;;;;;;;;;;;;7;;;
;3;;;11;26;4;32;8;14;;21;12;;26;38;2;2;5;;3;2;;;4;;;;;12;;;;;;;;;;1;4;;;;4;;;;;;;;;;;;;;;;;;;;;;;;;;;;7;;;
;3;;;9;24;3;31;7;14;;19;11;;26;37;2;2;5;;3;2;;;4;;;;;12;;;;;;;;;;1;4;;;;3;;;;;;;;;;;;;;;;;;;;;;;;;;;;6;;;
;3;;;9;25;3;32;7;12;;20;11;;26;35;2;2;5;;3;3;;;4;;;;;12;;;;;;;;;;1;4;;;;3;;;;;;;;;;;;;;;;;;;;;;;;;;;;5;;;
;3;;;10;24;3;32;7;10;;20;11;;27;34;2;2;5;;3;3;;;3;;;;;12;;;;;;;;;;1;4;;;;3;;;;;;;;;;;;;;;;;;;;;;;;;;;;5;;;
;4;;;10;24;3;32;7;9;;19;11;;26;35;2;2;5;;3;3;;;3;;;;;12;;;;;;;;;;1;4;;;;3;;;;;;;;;;;;;;;;;;;;;;;;;;;;4;;;
;3;;;10;22;2;31;6;9;;18;10;;31;37;2;2;5;;3;3;;;3;;;;;11;;;;;;;;;;1;4;;;;3;;;;;;;;;;;;;;;;;;;;;;;;;;;;4;;;
;4;;;11;22;2;31;6;9;;18;10;;31;37;2;2;5;;3;3;;;3;;;;;11;;;;;;;;;;1;4;;;;3;;;;;;;;;;;;;;;;;;;;;;;;;;;;4;;;
;4;;;11;21;2;30;6;8;;18;10;;29;36;2;2;5;;3;3;;;3;;;;;11;;;;;;;;;;1;4;;;;3;;;;;;;;;;;;;;;;;;;;;;;;;;;;4;;;
;4;;;11;23;2;30;5;7;;15;10;;29;37;2;2;5;;3;3;;;2;;;;;11;;;;;;;;;;1;4;;;;3;;;;;;;;;;;;;;;;;;;;;;;;;;;;4;;;
;4;;;11;23;2;30;5;7;;15;9;;28;36;2;1;5;;3;3;;;2;;;;;10;;;;;;;;;;1;5;;;;3;;;;;;;;;;;;;;;;;;;;;;;;;;;;4;;;
;4;;;11;22;2;30;5;7;;15;9;;28;35;2;1;5;;3;3;;;2;;;;;10;;;;;;;;;;1;5;;;;3;;;;;;;;;;;;;;;;;;;;;;;;;;;;4;;;
;4;;;11;22;2;30;5;7;;15;9;;28;36;2;1;5;;3;2;;;2;;;;;10;;;;;;;;;;1;4;;;;3;;;;;;;;;;;;;;;;;;;;;;;;;;;;4;;;
;4;;;11;21;2;29;5;7;;15;8;;27;36;2;1;5;;3;2;;;2;;;;;10;;;;;;;;;;0;4;;;;3;;;;;;;;;;;;;;;;;;;;;;;;;;;;2;;;
;6;;;11;21;2;30;4;7;;15;7;;27;37;2;1;4;;2;2;;;2;;;;;10;;;;;;;;;;;4;;;;3;;;;;;;;;;;;;;;;;;;;;;;;;;;;2;;;
;7;;;11;21;2;29;4;6;;18;7;;27;37;4;1;4;;2;2;;;2;;;;;10;;;;;;;;;;;4;;;;3;;;;;;;;;;;;;;;;;;;;;;;;;;;;2;;;
;7;;;11;22;2;30;4;6;;18;7;;27;36;4;1;4;;1;2;;;2;;;;;10;;;;;;;;;;;4;;;;3;;;;;;;;;;;;;;;;;;;;;;;;;;;;0;;;
;7;;;11;23;2;31;4;5;;19;7;;28;36;4;1;4;;1;2;;;2;;;;;10;;;;;;;;;;;4;;;;3;;;;;;;;;;;;;;;;;;;;;;;;;;;;;;;
;7;;;11;24;2;31;3;5;;19;6;;28;35;4;1;4;;1;2;;;2;;;;;8;;;;;;;;;;;4;;;;3;;;;;;;;;;;;;;;;;;;;;;;;;;;;;;;
;7;;;11;23;1;29;3;5;;18;7;;26;35;4;0;4;;1;2;;;2;;;;;7;;;;;;;;;;;4;;;;3;;;;;;;;;;;;;;;;;;;;;;;;;;;;;;;
;7;;;11;23;1;28;3;6;;19;7;;27;35;3;;4;;1;2;;;2;;;;;6;;;;;;;;;;;4;;;;3;;;;;;;;;;;;;;;;;;;;;;;;;;;;;;;
;7;;;11;23;1;27;3;6;;19;7;;27;36;3;;4;;1;2;;;2;;;;;6;;;;;;;;;;;3;;;;3;;;;;;;;;;;;;;;;;;;;;;;;;;;;;;;
;7;;;11;24;1;27;3;6;;19;7;;25;35;3;;4;;1;2;;;2;;;;;6;;;;;;;;;;;3;;;;3;;;;;;;;;;;;;;;;;;;;;;;;;;;;;;;
;7;;;9;22;1;28;3;6;;19;7;;25;33;3;;3;;1;1;;;2;;;;;6;;;;;;;;;;;3;;;;3;;;;;;;;;;;;;;;;;;;;;;;;;;;;;;;
;7;;;8;16;1;30;3;5;;17;7;;23;32;2;;3;;1;1;;;2;;;;;6;;;;;;;;;;;3;;;;2;;;;;;;;;;;;;;;;;;;;;;;;;;;;;;;
;7;;;8;16;1;31;3;5;;16;7;;25;33;2;;3;;1;1;;;2;;;;;6;;;;;;;;;;;3;;;;2;;;;;;;;;;;;;;;;;;;;;;;;;;;;;;;
;7;;;8;16;1;31;3;4;;16;6;;25;33;2;;3;;1;1;;;2;;;;;6;;;;;;;;;;;3;;;;2;;;;;;;;;;;;;;;;;;;;;;;;;;;;;;;
;7;;;8;16;1;31;3;5;;17;6;;25;33;2;;3;;1;1;;;2;;;;;6;;;;;;;;;;;3;;;;2;;;;;;;;;;;;;;;;;;;;;;;;;;;;;;;
;7;;;9;16;1;30;3;5;;17;6;;24;33;2;;3;;1;1;;;2;;;;;6;;;;;;;;;;;3;;;;2;;;;;;;;;;;;;;;;;;;;;;;;;;;;;;;
;7;;;9;17;1;30;3;5;;17;6;;23;33;2;;2;;1;1;;;2;;;;;7;;;;;;;;;;;2;;;;2;;;;;;;;;;;;;;;;;;;;;;;;;;;;;;;
;7;;;9;16;1;29;2;5;;17;6;;25;33;2;;2;;0;1;;;2;;;;;7;;;;;;;;;;;2;;;;2;;;;;;;;;;;;;;;;;;;;;;;;;;;;;;;
;6;;;9;18;1;29;1;4;;17;6;;26;34;2;;2;;;1;;;2;;;;;6;;;;;;;;;;;2;;;;2;;;;;;;;;;;;;;;;;;;;;;;;;;;;;;;
;6;;;9;18;1;28;1;4;;17;6;;26;34;2;;2;;;1;;;2;;;;;6;;;;;;;;;;;2;;;;2;;;;;;;;;;;;;;;;;;;;;;;;;;;;;;;
;6;;;8;19;1;28;1;4;;18;5;;25;34;2;;2;;;1;;;1;;;;;6;;;;;;;;;;;2;;;;2;;;;;;;;;;;;;;;;;;;;;;;;;;;;;;;
;6;;;8;20;1;28;1;4;;18;5;;25;32;2;;2;;;1;;;1;;;;;6;;;;;;;;;;;2;;;;2;;;;;;;;;;;;;;;;;;;;;;;;;;;;;;;
;6;;;8;20;1;28;1;4;;19;5;;26;32;2;;2;;;1;;;1;;;;;6;;;;;;;;;;;2;;;;0;;;;;;;;;;;;;;;;;;;;;;;;;;;;;;;
;6;;;8;19;1;29;5;5;;19;5;;25;31;2;;2;;;1;;;1;;;;;6;;;;;;;;;;;2;;;;;;;;;;;;;;;;;;;;;;;;;;;;;;;;;;;
;6;;;8;19;1;28;5;5;;19;5;;25;31;2;;2;;;1;;;1;;;;;6;;;;;;;;;;;2;;;;;;;;;;;;;;;;;;;;;;;;;;;;;;;;;;;
;6;;;8;19;1;28;6;5;;19;5;;26;30;2;;2;;;1;;;1;;;;;6;;;;;;;;;;;2;;;;;;;;;;;;;;;;;;;;;;;;;;;;;;;;;;;
;6;;;8;19;1;26;6;5;;18;5;;26;30;2;;2;;;1;;;1;;;;;6;;;;;;;;;;;2;;;;;;;;;;;;;;;;;;;;;;;;;;;;;;;;;;;
;7;;;8;19;1;22;6;5;;17;5;;26;29;2;;2;;;1;;;1;;;;;6;;;;;;;;;;;2;;;;;;;;;;;;;;;;;;;;;;;;;;;;;;;;;;;
;7;;;8;19;1;25;6;5;;17;5;;26;28;2;;2;;;1;;;1;;;;;6;;;;;;;;;;;2;;;;;;;;;;;;;;;;;;;;;;;;;;;;;;;;;;;
;7;;;8;19;1;24;6;4;;16;5;;26;28;3;;2;;;1;;;1;;;;;6;;;;;;;;;;;2;;;;;;;;;;;;;;;;;;;;;;;;;;;;;;;;;;;
;8;;;8;22;1;22;6;3;;15;5;;27;28;3;;2;;;1;;;1;;;;;2;;;;;;;;;;;2;;;;;;;;;;;;;;;;;;;;;;;;;;;;;;;;;;;
;8;;;8;22;1;22;6;4;;15;5;;26;26;3;;2;;;1;;;1;;;;;2;;;;;;;;;;;2;;;;;;;;;;;;;;;;;;;;;;;;;;;;;;;;;;;
;8;;;6;22;1;22;6;4;;15;5;;24;27;3;;2;;;1;;;1;;;;;3;;;;;;;;;;;2;;;;;;;;;;;;;;;;;;;;;;;;;;;;;;;;;;;
;9;;;4;20;1;20;6;4;;15;5;;23;26;3;;2;;;1;;;1;;;;;3;;;;;;;;;;;2;;;;;;;;;;;;;;;;;;;;;;;;;;;;;;;;;;;
;9;;;4;20;0;20;6;4;;14;4;;23;27;3;;2;;;1;;;1;;;;;3;;;;;;;;;;;2;;;;;;;;;;;;;;;;;;;;;;;;;;;;;;;;;;;
;9;;;4;19;;20;5;4;;13;3;;24;25;3;;2;;;1;;;1;;;;;3;;;;;;;;;;;1;;;;;;;;;;;;;;;;;;;;;;;;;;;;;;;;;;;
;9;;;4;19;;21;6;4;;13;3;;25;25;3;;2;;;1;;;1;;;;;3;;;;;;;;;;;1;;;;;;;;;;;;;;;;;;;;;;;;;;;;;;;;;;;
;9;;;5;19;;20;6;4;;13;3;;26;27;3;;1;;;1;;;1;;;;;5;;;;;;;;;;;1;;;;;;;;;;;;;;;;;;;;;;;;;;;;;;;;;;;
;9;;;5;19;;20;6;4;;13;3;;27;26;3;;1;;;1;;;1;;;;;5;;;;;;;;;;;1;;;;;;;;;;;;;;;;;;;;;;;;;;;;;;;;;;;
;9;;;6;19;;20;6;4;;13;1;;27;24;3;;1;;;1;;;1;;;;;5;;;;;;;;;;;1;;;;;;;;;;;;;;;;;;;;;;;;;;;;;;;;;;;
;9;;;7;19;;19;6;4;;13;1;;27;24;3;;1;;;1;;;0;;;;;5;;;;;;;;;;;1;;;;;;;;;;;;;;;;;;;;;;;;;;;;;;;;;;;
;10;;;7;18;;18;6;5;;14;1;;27;21;3;;1;;;1;;;;;;;;5;;;;;;;;;;;1;;;;;;;;;;;;;;;;;;;;;;;;;;;;;;;;;;;
;10;;;7;19;;18;6;5;;14;1;;26;21;3;;1;;;1;;;;;;;;5;;;;;;;;;;;1;;;;;;;;;;;;;;;;;;;;;;;;;;;;;;;;;;;
;10;;;7;19;;18;6;5;;13;1;;26;22;3;;0;;;1;;;;;;;;5;;;;;;;;;;;1;;;;;;;;;;;;;;;;;;;;;;;;;;;;;;;;;;;
;10;;;7;19;;18;7;5;;12;1;;26;23;3;;;;;1;;;;;;;;4;;;;;;;;;;;1;;;;;;;;;;;;;;;;;;;;;;;;;;;;;;;;;;;
;10;;;7;21;;16;7;5;;12;1;;26;23;3;;;;;1;;;;;;;;4;;;;;;;;;;;1;;;;;;;;;;;;;;;;;;;;;;;;;;;;;;;;;;;
;11;;;7;20;;16;7;5;;12;1;;27;23;3;;;;;0;;;;;;;;4;;;;;;;;;;;1;;;;;;;;;;;;;;;;;;;;;;;;;;;;;;;;;;;
;11;;;6;21;;15;7;5;;11;1;;27;23;3;;;;;;;;;;;;;4;;;;;;;;;;;1;;;;;;;;;;;;;;;;;;;;;;;;;;;;;;;;;;;
;12;;;6;21;;15;7;5;;12;1;;26;22;3;;;;;;;;;;;;;4;;;;;;;;;;;1;;;;;;;;;;;;;;;;;;;;;;;;;;;;;;;;;;;
;11;;;6;22;;15;7;5;;13;1;;21;21;3;;;;;;;;;;;;;4;;;;;;;;;;;1;;;;;;;;;;;;;;;;;;;;;;;;;;;;;;;;;;;
;11;;;6;22;;14;7;5;;13;1;;20;21;3;;;;;;;;;;;;;4;;;;;;;;;;;1;;;;;;;;;;;;;;;;;;;;;;;;;;;;;;;;;;;
;10;;;5;22;;14;7;5;;13;1;;20;21;3;;;;;;;;;;;;;4;;;;;;;;;;;1;;;;;;;;;;;;;;;;;;;;;;;;;;;;;;;;;;;
;10;;;5;20;;14;7;5;;13;1;;20;20;3;;;;;;;;;;;;;4;;;;;;;;;;;1;;;;;;;;;;;;;;;;;;;;;;;;;;;;;;;;;;;
;10;;;5;21;;15;7;5;;13;1;;20;20;3;;;;;;;;;;;;;4;;;;;;;;;;;0;;;;;;;;;;;;;;;;;;;;;;;;;;;;;;;;;;;
;10;;;5;21;;15;7;5;;13;1;;20;20;3;;;;;;;;;;;;;4;;;;;;;;;;;;;;;;;;;;;;;;;;;;;;;;;;;;;;;;;;;;;;
;10;;;5;20;;15;7;5;;13;1;;22;20;3;;;;;;;;;;;;;4;;;;;;;;;;;;;;;;;;;;;;;;;;;;;;;;;;;;;;;;;;;;;;
;10;;;4;20;;15;7;5;;13;1;;22;18;3;;;;;;;;;;;;;4;;;;;;;;;;;;;;;;;;;;;;;;;;;;;;;;;;;;;;;;;;;;;;
;9;;;4;20;;15;7;5;;12;1;;22;17;3;;;;;;;;;;;;;4;;;;;;;;;;;;;;;;;;;;;;;;;;;;;;;;;;;;;;;;;;;;;;
;7;;;4;20;;15;7;5;;9;1;;22;16;2;;;;;;;;;;;;;4;;;;;;;;;;;;;;;;;;;;;;;;;;;;;;;;;;;;;;;;;;;;;;
;7;;;4;21;;15;7;5;;9;1;;22;15;1;;;;;;;;;;;;;4;;;;;;;;;;;;;;;;;;;;;;;;;;;;;;;;;;;;;;;;;;;;;;
;8;;;4;19;;12;7;5;;8;1;;21;15;1;;;;;;;;;;;;;4;;;;;;;;;;;;;;;;;;;;;;;;;;;;;;;;;;;;;;;;;;;;;;
;8;;;4;18;;12;7;5;;9;1;;19;15;1;;;;;;;;;;;;;4;;;;;;;;;;;;;;;;;;;;;;;;;;;;;;;;;;;;;;;;;;;;;;
;8;;;4;18;;11;7;5;;9;1;;19;15;1;;;;;;;;;;;;;4;;;;;;;;;;;;;;;;;;;;;;;;;;;;;;;;;;;;;;;;;;;;;;
;8;;;4;18;;11;7;4;;9;0;;19;14;1;;;;;;;;;;;;;4;;;;;;;;;;;;;;;;;;;;;;;;;;;;;;;;;;;;;;;;;;;;;;
;8;;;4;17;;11;8;4;;9;;;18;13;1;;;;;;;;;;;;;4;;;;;;;;;;;;;;;;;;;;;;;;;;;;;;;;;;;;;;;;;;;;;;
;8;;;4;16;;11;8;4;;9;;;18;13;1;;;;;;;;;;;;;4;;;;;;;;;;;;;;;;;;;;;;;;;;;;;;;;;;;;;;;;;;;;;;
;8;;;4;17;;10;8;4;;10;;;18;14;1;;;;;;;;;;;;;4;;;;;;;;;;;;;;;;;;;;;;;;;;;;;;;;;;;;;;;;;;;;;;
;8;;;4;17;;9;8;5;;10;;;18;14;1;;;;;;;;;;;;;4;;;;;;;;;;;;;;;;;;;;;;;;;;;;;;;;;;;;;;;;;;;;;;
;8;;;4;16;;8;8;5;;10;;;16;13;1;;;;;;;;;;;;;4;;;;;;;;;;;;;;;;;;;;;;;;;;;;;;;;;;;;;;;;;;;;;;
;7;;;4;17;;7;8;5;;10;;;16;13;1;;;;;;;;;;;;;4;;;;;;;;;;;;;;;;;;;;;;;;;;;;;;;;;;;;;;;;;;;;;;
;7;;;4;17;;7;8;5;;9;;;15;13;1;;;;;;;;;;;;;4;;;;;;;;;;;;;;;;;;;;;;;;;;;;;;;;;;;;;;;;;;;;;;
;7;;;3;17;;7;8;4;;9;;;15;12;1;;;;;;;;;;;;;4;;;;;;;;;;;;;;;;;;;;;;;;;;;;;;;;;;;;;;;;;;;;;;
;8;;;3;17;;7;9;4;;9;;;15;12;1;;;;;;;;;;;;;3;;;;;;;;;;;;;;;;;;;;;;;;;;;;;;;;;;;;;;;;;;;;;;
;8;;;3;16;;7;9;4;;9;;;15;12;1;;;;;;;;;;;;;3;;;;;;;;;;;;;;;;;;;;;;;;;;;;;;;;;;;;;;;;;;;;;;
;8;;;3;16;;7;9;4;;9;;;14;11;1;;;;;;;;;;;;;3;;;;;;;;;;;;;;;;;;;;;;;;;;;;;;;;;;;;;;;;;;;;;;
;8;;;3;15;;7;9;4;;9;;;14;11;1;;;;;;;;;;;;;3;;;;;;;;;;;;;;;;;;;;;;;;;;;;;;;;;;;;;;;;;;;;;;
;8;;;3;15;;7;9;4;;9;;;14;11;1;;;;;;;;;;;;;3;;;;;;;;;;;;;;;;;;;;;;;;;;;;;;;;;;;;;;;;;;;;;;
;8;;;3;15;;7;9;4;;8;;;14;10;1;;;;;;;;;;;;;3;;;;;;;;;;;;;;;;;;;;;;;;;;;;;;;;;;;;;;;;;;;;;;
;8;;;3;15;;7;9;4;;7;;;14;9;1;;;;;;;;;;;;;3;;;;;;;;;;;;;;;;;;;;;;;;;;;;;;;;;;;;;;;;;;;;;;
;8;;;3;15;;6;6;3;;6;;;14;9;1;;;;;;;;;;;;;3;;;;;;;;;;;;;;;;;;;;;;;;;;;;;;;;;;;;;;;;;;;;;;
;8;;;4;15;;6;5;3;;6;;;14;9;1;;;;;;;;;;;;;3;;;;;;;;;;;;;;;;;;;;;;;;;;;;;;;;;;;;;;;;;;;;;;
;8;;;4;15;;6;5;3;;6;;;13;9;1;;;;;;;;;;;;;3;;;;;;;;;;;;;;;;;;;;;;;;;;;;;;;;;;;;;;;;;;;;;;
;8;;;4;15;;6;4;3;;6;;;13;9;1;;;;;;;;;;;;;3;;;;;;;;;;;;;;;;;;;;;;;;;;;;;;;;;;;;;;;;;;;;;;
;7;;;4;15;;6;4;3;;6;;;12;9;1;;;;;;;;;;;;;3;;;;;;;;;;;;;;;;;;;;;;;;;;;;;;;;;;;;;;;;;;;;;;
;7;;;4;15;;3;4;3;;6;;;12;10;1;;;;;;;;;;;;;3;;;;;;;;;;;;;;;;;;;;;;;;;;;;;;;;;;;;;;;;;;;;;;
;7;;;4;15;;3;4;3;;6;;;12;10;1;;;;;;;;;;;;;3;;;;;;;;;;;;;;;;;;;;;;;;;;;;;;;;;;;;;;;;;;;;;;
;6;;;4;14;;3;4;3;;6;;;12;10;0;;;;;;;;;;;;;3;;;;;;;;;;;;;;;;;;;;;;;;;;;;;;;;;;;;;;;;;;;;;;
;6;;;4;12;;3;4;3;;6;;;11;10;;;;;;;;;;;;;;3;;;;;;;;;;;;;;;;;;;;;;;;;;;;;;;;;;;;;;;;;;;;;;
;6;;;4;12;;3;4;2;;6;;;11;10;;;;;;;;;;;;;;3;;;;;;;;;;;;;;;;;;;;;;;;;;;;;;;;;;;;;;;;;;;;;;
;5;;;6;12;;3;4;2;;6;;;11;9;;;;;;;;;;;;;;2;;;;;;;;;;;;;;;;;;;;;;;;;;;;;;;;;;;;;;;;;;;;;;
;5;;;6;12;;3;4;2;;6;;;10;8;;;;;;;;;;;;;;2;;;;;;;;;;;;;;;;;;;;;;;;;;;;;;;;;;;;;;;;;;;;;;
;5;;;6;12;;3;4;2;;6;;;10;7;;;;;;;;;;;;;;2;;;;;;;;;;;;;;;;;;;;;;;;;;;;;;;;;;;;;;;;;;;;;;
;5;;;6;12;;2;4;2;;6;;;11;7;;;;;;;;;;;;;;2;;;;;;;;;;;;;;;;;;;;;;;;;;;;;;;;;;;;;;;;;;;;;;
;5;;;5;12;;2;3;2;;6;;;10;7;;;;;;;;;;;;;;1;;;;;;;;;;;;;;;;;;;;;;;;;;;;;;;;;;;;;;;;;;;;;;
;5;;;5;12;;2;3;2;;7;;;8;5;;;;;;;;;;;;;;0;;;;;;;;;;;;;;;;;;;;;;;;;;;;;;;;;;;;;;;;;;;;;;
;5;;;5;12;;2;3;2;;7;;;8;5;;;;;;;;;;;;;;;;;;;;;;;;;;;;;;;;;;;;;;;;;;;;;;;;;;;;;;;;;;;;
;5;;;3;12;;2;3;3;;7;;;8;5;;;;;;;;;;;;;;;;;;;;;;;;;;;;;;;;;;;;;;;;;;;;;;;;;;;;;;;;;;;;
;4;;;3;12;;2;3;3;;6;;;8;5;;;;;;;;;;;;;;;;;;;;;;;;;;;;;;;;;;;;;;;;;;;;;;;;;;;;;;;;;;;;
;4;;;3;12;;2;3;2;;7;;;8;5;;;;;;;;;;;;;;;;;;;;;;;;;;;;;;;;;;;;;;;;;;;;;;;;;;;;;;;;;;;;
;4;;;3;11;;2;3;2;;7;;;8;4;;;;;;;;;;;;;;;;;;;;;;;;;;;;;;;;;;;;;;;;;;;;;;;;;;;;;;;;;;;;
;4;;;3;11;;2;2;2;;7;;;8;4;;;;;;;;;;;;;;;;;;;;;;;;;;;;;;;;;;;;;;;;;;;;;;;;;;;;;;;;;;;;
;4;;;3;11;;2;2;2;;7;;;8;3;;;;;;;;;;;;;;;;;;;;;;;;;;;;;;;;;;;;;;;;;;;;;;;;;;;;;;;;;;;;
;3;;;3;9;;2;2;2;;7;;;8;3;;;;;;;;;;;;;;;;;;;;;;;;;;;;;;;;;;;;;;;;;;;;;;;;;;;;;;;;;;;;
;3;;;3;8;;2;2;2;;7;;;7;3;;;;;;;;;;;;;;;;;;;;;;;;;;;;;;;;;;;;;;;;;;;;;;;;;;;;;;;;;;;;
;2;;;3;8;;2;2;2;;6;;;7;3;;;;;;;;;;;;;;;;;;;;;;;;;;;;;;;;;;;;;;;;;;;;;;;;;;;;;;;;;;;;
;2;;;3;8;;2;2;2;;5;;;7;2;;;;;;;;;;;;;;;;;;;;;;;;;;;;;;;;;;;;;;;;;;;;;;;;;;;;;;;;;;;;
;2;;;3;7;;2;2;2;;5;;;7;2;;;;;;;;;;;;;;;;;;;;;;;;;;;;;;;;;;;;;;;;;;;;;;;;;;;;;;;;;;;;
;2;;;3;7;;2;2;2;;5;;;7;2;;;;;;;;;;;;;;;;;;;;;;;;;;;;;;;;;;;;;;;;;;;;;;;;;;;;;;;;;;;;
;2;;;3;7;;2;2;2;;5;;;7;2;;;;;;;;;;;;;;;;;;;;;;;;;;;;;;;;;;;;;;;;;;;;;;;;;;;;;;;;;;;;
;2;;;3;7;;1;2;2;;5;;;7;2;;;;;;;;;;;;;;;;;;;;;;;;;;;;;;;;;;;;;;;;;;;;;;;;;;;;;;;;;;;;
;2;;;3;6;;1;2;2;;5;;;7;3;;;;;;;;;;;;;;;;;;;;;;;;;;;;;;;;;;;;;;;;;;;;;;;;;;;;;;;;;;;;
;2;;;3;6;;1;2;2;;5;;;6;3;;;;;;;;;;;;;;;;;;;;;;;;;;;;;;;;;;;;;;;;;;;;;;;;;;;;;;;;;;;;
;2;;;3;6;;1;2;2;;6;;;5;3;;;;;;;;;;;;;;;;;;;;;;;;;;;;;;;;;;;;;;;;;;;;;;;;;;;;;;;;;;;;
;2;;;3;6;;0;2;2;;6;;;5;3;;;;;;;;;;;;;;;;;;;;;;;;;;;;;;;;;;;;;;;;;;;;;;;;;;;;;;;;;;;;
;2;;;3;6;;;2;2;;6;;;5;3;;;;;;;;;;;;;;;;;;;;;;;;;;;;;;;;;;;;;;;;;;;;;;;;;;;;;;;;;;;;
;2;;;3;6;;;2;2;;6;;;5;3;;;;;;;;;;;;;;;;;;;;;;;;;;;;;;;;;;;;;;;;;;;;;;;;;;;;;;;;;;;;
;2;;;4;5;;;2;2;;6;;;5;3;;;;;;;;;;;;;;;;;;;;;;;;;;;;;;;;;;;;;;;;;;;;;;;;;;;;;;;;;;;;
;1;;;4;5;;;2;2;;5;;;5;3;;;;;;;;;;;;;;;;;;;;;;;;;;;;;;;;;;;;;;;;;;;;;;;;;;;;;;;;;;;;
;1;;;4;5;;;2;2;;5;;;5;3;;;;;;;;;;;;;;;;;;;;;;;;;;;;;;;;;;;;;;;;;;;;;;;;;;;;;;;;;;;;
;1;;;4;5;;;2;2;;5;;;6;3;;;;;;;;;;;;;;;;;;;;;;;;;;;;;;;;;;;;;;;;;;;;;;;;;;;;;;;;;;;;
;1;;;4;5;;;2;2;;4;;;6;3;;;;;;;;;;;;;;;;;;;;;;;;;;;;;;;;;;;;;;;;;;;;;;;;;;;;;;;;;;;;
;1;;;4;5;;;1;2;;4;;;6;3;;;;;;;;;;;;;;;;;;;;;;;;;;;;;;;;;;;;;;;;;;;;;;;;;;;;;;;;;;;;
;1;;;4;5;;;1;2;;4;;;6;2;;;;;;;;;;;;;;;;;;;;;;;;;;;;;;;;;;;;;;;;;;;;;;;;;;;;;;;;;;;;
;1;;;4;4;;;1;2;;3;;;6;2;;;;;;;;;;;;;;;;;;;;;;;;;;;;;;;;;;;;;;;;;;;;;;;;;;;;;;;;;;;;
;1;;;4;4;;;1;1;;3;;;6;2;;;;;;;;;;;;;;;;;;;;;;;;;;;;;;;;;;;;;;;;;;;;;;;;;;;;;;;;;;;;
;1;;;4;4;;;1;1;;3;;;6;2;;;;;;;;;;;;;;;;;;;;;;;;;;;;;;;;;;;;;;;;;;;;;;;;;;;;;;;;;;;;
;1;;;4;3;;;1;1;;3;;;6;2;;;;;;;;;;;;;;;;;;;;;;;;;;;;;;;;;;;;;;;;;;;;;;;;;;;;;;;;;;;;
;1;;;4;3;;;1;1;;3;;;7;2;;;;;;;;;;;;;;;;;;;;;;;;;;;;;;;;;;;;;;;;;;;;;;;;;;;;;;;;;;;;
;0;;;4;3;;;0;1;;3;;;7;3;;;;;;;;;;;;;;;;;;;;;;;;;;;;;;;;;;;;;;;;;;;;;;;;;;;;;;;;;;;;
;;;;4;3;;;;1;;3;;;6;3;;;;;;;;;;;;;;;;;;;;;;;;;;;;;;;;;;;;;;;;;;;;;;;;;;;;;;;;;;;;
;;;;5;3;;;;1;;3;;;5;3;;;;;;;;;;;;;;;;;;;;;;;;;;;;;;;;;;;;;;;;;;;;;;;;;;;;;;;;;;;;
;;;;5;2;;;;1;;3;;;5;3;;;;;;;;;;;;;;;;;;;;;;;;;;;;;;;;;;;;;;;;;;;;;;;;;;;;;;;;;;;;
;;;;5;2;;;;1;;3;;;5;3;;;;;;;;;;;;;;;;;;;;;;;;;;;;;;;;;;;;;;;;;;;;;;;;;;;;;;;;;;;;
;;;;5;1;;;;1;;3;;;5;3;;;;;;;;;;;;;;;;;;;;;;;;;;;;;;;;;;;;;;;;;;;;;;;;;;;;;;;;;;;;
;;;;5;0;;;;1;;3;;;4;3;;;;;;;;;;;;;;;;;;;;;;;;;;;;;;;;;;;;;;;;;;;;;;;;;;;;;;;;;;;;
;;;;5;;;;;1;;3;;;4;3;;;;;;;;;;;;;;;;;;;;;;;;;;;;;;;;;;;;;;;;;;;;;;;;;;;;;;;;;;;;
;;;;4;;;;;1;;3;;;4;3;;;;;;;;;;;;;;;;;;;;;;;;;;;;;;;;;;;;;;;;;;;;;;;;;;;;;;;;;;;;
;;;;4;;;;;1;;3;;;4;3;;;;;;;;;;;;;;;;;;;;;;;;;;;;;;;;;;;;;;;;;;;;;;;;;;;;;;;;;;;;
;;;;4;;;;;1;;3;;;4;3;;;;;;;;;;;;;;;;;;;;;;;;;;;;;;;;;;;;;;;;;;;;;;;;;;;;;;;;;;;;
;;;;4;;;;;1;;3;;;4;3;;;;;;;;;;;;;;;;;;;;;;;;;;;;;;;;;;;;;;;;;;;;;;;;;;;;;;;;;;;;
;;;;4;;;;;1;;3;;;4;2;;;;;;;;;;;;;;;;;;;;;;;;;;;;;;;;;;;;;;;;;;;;;;;;;;;;;;;;;;;;
;;;;4;;;;;1;;3;;;4;2;;;;;;;;;;;;;;;;;;;;;;;;;;;;;;;;;;;;;;;;;;;;;;;;;;;;;;;;;;;;
;;;;4;;;;;1;;3;;;4;2;;;;;;;;;;;;;;;;;;;;;;;;;;;;;;;;;;;;;;;;;;;;;;;;;;;;;;;;;;;;
;;;;4;;;;;1;;3;;;4;2;;;;;;;;;;;;;;;;;;;;;;;;;;;;;;;;;;;;;;;;;;;;;;;;;;;;;;;;;;;;
;;;;4;;;;;1;;3;;;4;2;;;;;;;;;;;;;;;;;;;;;;;;;;;;;;;;;;;;;;;;;;;;;;;;;;;;;;;;;;;;
;;;;3;;;;;1;;3;;;5;2;;;;;;;;;;;;;;;;;;;;;;;;;;;;;;;;;;;;;;;;;;;;;;;;;;;;;;;;;;;;
;;;;2;;;;;1;;3;;;5;2;;;;;;;;;;;;;;;;;;;;;;;;;;;;;;;;;;;;;;;;;;;;;;;;;;;;;;;;;;;;
;;;;2;;;;;1;;3;;;5;2;;;;;;;;;;;;;;;;;;;;;;;;;;;;;;;;;;;;;;;;;;;;;;;;;;;;;;;;;;;;
;;;;2;;;;;1;;3;;;3;2;;;;;;;;;;;;;;;;;;;;;;;;;;;;;;;;;;;;;;;;;;;;;;;;;;;;;;;;;;;;
;;;;2;;;;;1;;3;;;3;2;;;;;;;;;;;;;;;;;;;;;;;;;;;;;;;;;;;;;;;;;;;;;;;;;;;;;;;;;;;;
;;;;2;;;;;1;;2;;;3;2;;;;;;;;;;;;;;;;;;;;;;;;;;;;;;;;;;;;;;;;;;;;;;;;;;;;;;;;;;;;
;;;;2;;;;;1;;2;;;3;2;;;;;;;;;;;;;;;;;;;;;;;;;;;;;;;;;;;;;;;;;;;;;;;;;;;;;;;;;;;;
;;;;2;;;;;0;;2;;;3;2;;;;;;;;;;;;;;;;;;;;;;;;;;;;;;;;;;;;;;;;;;;;;;;;;;;;;;;;;;;;
;;;;2;;;;;;;2;;;3;2;;;;;;;;;;;;;;;;;;;;;;;;;;;;;;;;;;;;;;;;;;;;;;;;;;;;;;;;;;;;
;;;;2;;;;;;;2;;;3;2;;;;;;;;;;;;;;;;;;;;;;;;;;;;;;;;;;;;;;;;;;;;;;;;;;;;;;;;;;;;
;;;;2;;;;;;;1;;;3;2;;;;;;;;;;;;;;;;;;;;;;;;;;;;;;;;;;;;;;;;;;;;;;;;;;;;;;;;;;;;
;;;;2;;;;;;;1;;;3;2;;;;;;;;;;;;;;;;;;;;;;;;;;;;;;;;;;;;;;;;;;;;;;;;;;;;;;;;;;;;
;;;;2;;;;;;;1;;;3;2;;;;;;;;;;;;;;;;;;;;;;;;;;;;;;;;;;;;;;;;;;;;;;;;;;;;;;;;;;;;
;;;;2;;;;;;;1;;;3;2;;;;;;;;;;;;;;;;;;;;;;;;;;;;;;;;;;;;;;;;;;;;;;;;;;;;;;;;;;;;
;;;;2;;;;;;;1;;;3;2;;;;;;;;;;;;;;;;;;;;;;;;;;;;;;;;;;;;;;;;;;;;;;;;;;;;;;;;;;;;
;;;;2;;;;;;;1;;;3;3;;;;;;;;;;;;;;;;;;;;;;;;;;;;;;;;;;;;;;;;;;;;;;;;;;;;;;;;;;;;
;;;;2;;;;;;;1;;;3;3;;;;;;;;;;;;;;;;;;;;;;;;;;;;;;;;;;;;;;;;;;;;;;;;;;;;;;;;;;;;
;;;;2;;;;;;;1;;;3;3;;;;;;;;;;;;;;;;;;;;;;;;;;;;;;;;;;;;;;;;;;;;;;;;;;;;;;;;;;;;
;;;;2;;;;;;;1;;;3;3;;;;;;;;;;;;;;;;;;;;;;;;;;;;;;;;;;;;;;;;;;;;;;;;;;;;;;;;;;;;
;;;;2;;;;;;;1;;;3;3;;;;;;;;;;;;;;;;;;;;;;;;;;;;;;;;;;;;;;;;;;;;;;;;;;;;;;;;;;;;
;;;;2;;;;;;;1;;;3;3;;;;;;;;;;;;;;;;;;;;;;;;;;;;;;;;;;;;;;;;;;;;;;;;;;;;;;;;;;;;
;;;;2;;;;;;;1;;;3;2;;;;;;;;;;;;;;;;;;;;;;;;;;;;;;;;;;;;;;;;;;;;;;;;;;;;;;;;;;;;
;;;;2;;;;;;;1;;;3;2;;;;;;;;;;;;;;;;;;;;;;;;;;;;;;;;;;;;;;;;;;;;;;;;;;;;;;;;;;;;
;;;;2;;;;;;;0;;;3;2;;;;;;;;;;;;;;;;;;;;;;;;;;;;;;;;;;;;;;;;;;;;;;;;;;;;;;;;;;;;
;;;;2;;;;;;;;;;3;2;;;;;;;;;;;;;;;;;;;;;;;;;;;;;;;;;;;;;;;;;;;;;;;;;;;;;;;;;;;;
;;;;2;;;;;;;;;;3;2;;;;;;;;;;;;;;;;;;;;;;;;;;;;;;;;;;;;;;;;;;;;;;;;;;;;;;;;;;;;
;;;;2;;;;;;;;;;3;2;;;;;;;;;;;;;;;;;;;;;;;;;;;;;;;;;;;;;;;;;;;;;;;;;;;;;;;;;;;;
;;;;2;;;;;;;;;;3;2;;;;;;;;;;;;;;;;;;;;;;;;;;;;;;;;;;;;;;;;;;;;;;;;;;;;;;;;;;;;
;;;;2;;;;;;;;;;3;2;;;;;;;;;;;;;;;;;;;;;;;;;;;;;;;;;;;;;;;;;;;;;;;;;;;;;;;;;;;;
;;;;2;;;;;;;;;;3;2;;;;;;;;;;;;;;;;;;;;;;;;;;;;;;;;;;;;;;;;;;;;;;;;;;;;;;;;;;;;
;;;;2;;;;;;;;;;3;2;;;;;;;;;;;;;;;;;;;;;;;;;;;;;;;;;;;;;;;;;;;;;;;;;;;;;;;;;;;;
;;;;2;;;;;;;;;;2;2;;;;;;;;;;;;;;;;;;;;;;;;;;;;;;;;;;;;;;;;;;;;;;;;;;;;;;;;;;;;
;;;;2;;;;;;;;;;2;2;;;;;;;;;;;;;;;;;;;;;;;;;;;;;;;;;;;;;;;;;;;;;;;;;;;;;;;;;;;;
;;;;2;;;;;;;;;;2;2;;;;;;;;;;;;;;;;;;;;;;;;;;;;;;;;;;;;;;;;;;;;;;;;;;;;;;;;;;;;
;;;;2;;;;;;;;;;2;2;;;;;;;;;;;;;;;;;;;;;;;;;;;;;;;;;;;;;;;;;;;;;;;;;;;;;;;;;;;;
;;;;2;;;;;;;;;;2;2;;;;;;;;;;;;;;;;;;;;;;;;;;;;;;;;;;;;;;;;;;;;;;;;;;;;;;;;;;;;
;;;;2;;;;;;;;;;2;2;;;;;;;;;;;;;;;;;;;;;;;;;;;;;;;;;;;;;;;;;;;;;;;;;;;;;;;;;;;;
;;;;2;;;;;;;;;;2;2;;;;;;;;;;;;;;;;;;;;;;;;;;;;;;;;;;;;;;;;;;;;;;;;;;;;;;;;;;;;
;;;;2;;;;;;;;;;2;2;;;;;;;;;;;;;;;;;;;;;;;;;;;;;;;;;;;;;;;;;;;;;;;;;;;;;;;;;;;;
;;;;2;;;;;;;;;;1;2;;;;;;;;;;;;;;;;;;;;;;;;;;;;;;;;;;;;;;;;;;;;;;;;;;;;;;;;;;;;
;;;;2;;;;;;;;;;1;1;;;;;;;;;;;;;;;;;;;;;;;;;;;;;;;;;;;;;;;;;;;;;;;;;;;;;;;;;;;;
;;;;1;;;;;;;;;;1;1;;;;;;;;;;;;;;;;;;;;;;;;;;;;;;;;;;;;;;;;;;;;;;;;;;;;;;;;;;;;
;;;;1;;;;;;;;;;1;1;;;;;;;;;;;;;;;;;;;;;;;;;;;;;;;;;;;;;;;;;;;;;;;;;;;;;;;;;;;;
;;;;1;;;;;;;;;;1;1;;;;;;;;;;;;;;;;;;;;;;;;;;;;;;;;;;;;;;;;;;;;;;;;;;;;;;;;;;;;
;;;;1;;;;;;;;;;1;1;;;;;;;;;;;;;;;;;;;;;;;;;;;;;;;;;;;;;;;;;;;;;;;;;;;;;;;;;;;;
;;;;1;;;;;;;;;;1;1;;;;;;;;;;;;;;;;;;;;;;;;;;;;;;;;;;;;;;;;;;;;;;;;;;;;;;;;;;;;
;;;;1;;;;;;;;;;1;1;;;;;;;;;;;;;;;;;;;;;;;;;;;;;;;;;;;;;;;;;;;;;;;;;;;;;;;;;;;;
;;;;1;;;;;;;;;;1;1;;;;;;;;;;;;;;;;;;;;;;;;;;;;;;;;;;;;;;;;;;;;;;;;;;;;;;;;;;;;
;;;;1;;;;;;;;;;1;1;;;;;;;;;;;;;;;;;;;;;;;;;;;;;;;;;;;;;;;;;;;;;;;;;;;;;;;;;;;;
;;;;1;;;;;;;;;;1;1;;;;;;;;;;;;;;;;;;;;;;;;;;;;;;;;;;;;;;;;;;;;;;;;;;;;;;;;;;;;
;;;;1;;;;;;;;;;1;1;;;;;;;;;;;;;;;;;;;;;;;;;;;;;;;;;;;;;;;;;;;;;;;;;;;;;;;;;;;;
;;;;1;;;;;;;;;;1;1;;;;;;;;;;;;;;;;;;;;;;;;;;;;;;;;;;;;;;;;;;;;;;;;;;;;;;;;;;;;
;;;;1;;;;;;;;;;1;1;;;;;;;;;;;;;;;;;;;;;;;;;;;;;;;;;;;;;;;;;;;;;;;;;;;;;;;;;;;;
;;;;1;;;;;;;;;;1;1;;;;;;;;;;;;;;;;;;;;;;;;;;;;;;;;;;;;;;;;;;;;;;;;;;;;;;;;;;;;
;;;;1;;;;;;;;;;1;1;;;;;;;;;;;;;;;;;;;;;;;;;;;;;;;;;;;;;;;;;;;;;;;;;;;;;;;;;;;;
;;;;1;;;;;;;;;;1;1;;;;;;;;;;;;;;;;;;;;;;;;;;;;;;;;;;;;;;;;;;;;;;;;;;;;;;;;;;;;
;;;;1;;;;;;;;;;1;1;;;;;;;;;;;;;;;;;;;;;;;;;;;;;;;;;;;;;;;;;;;;;;;;;;;;;;;;;;;;
;;;;1;;;;;;;;;;0;1;;;;;;;;;;;;;;;;;;;;;;;;;;;;;;;;;;;;;;;;;;;;;;;;;;;;;;;;;;;;
;;;;1;;;;;;;;;;;1;;;;;;;;;;;;;;;;;;;;;;;;;;;;;;;;;;;;;;;;;;;;;;;;;;;;;;;;;;;;
;;;;1;;;;;;;;;;;1;;;;;;;;;;;;;;;;;;;;;;;;;;;;;;;;;;;;;;;;;;;;;;;;;;;;;;;;;;;;
;;;;1;;;;;;;;;;;1;;;;;;;;;;;;;;;;;;;;;;;;;;;;;;;;;;;;;;;;;;;;;;;;;;;;;;;;;;;;
;;;;1;;;;;;;;;;;1;;;;;;;;;;;;;;;;;;;;;;;;;;;;;;;;;;;;;;;;;;;;;;;;;;;;;;;;;;;;
;;;;1;;;;;;;;;;;1;;;;;;;;;;;;;;;;;;;;;;;;;;;;;;;;;;;;;;;;;;;;;;;;;;;;;;;;;;;;
;;;;1;;;;;;;;;;;1;;;;;;;;;;;;;;;;;;;;;;;;;;;;;;;;;;;;;;;;;;;;;;;;;;;;;;;;;;;;
;;;;1;;;;;;;;;;;1;;;;;;;;;;;;;;;;;;;;;;;;;;;;;;;;;;;;;;;;;;;;;;;;;;;;;;;;;;;;
;;;;1;;;;;;;;;;;1;;;;;;;;;;;;;;;;;;;;;;;;;;;;;;;;;;;;;;;;;;;;;;;;;;;;;;;;;;;;
;;;;1;;;;;;;;;;;1;;;;;;;;;;;;;;;;;;;;;;;;;;;;;;;;;;;;;;;;;;;;;;;;;;;;;;;;;;;;
;;;;1;;;;;;;;;;;1;;;;;;;;;;;;;;;;;;;;;;;;;;;;;;;;;;;;;;;;;;;;;;;;;;;;;;;;;;;;
;;;;1;;;;;;;;;;;1;;;;;;;;;;;;;;;;;;;;;;;;;;;;;;;;;;;;;;;;;;;;;;;;;;;;;;;;;;;;
;;;;1;;;;;;;;;;;1;;;;;;;;;;;;;;;;;;;;;;;;;;;;;;;;;;;;;;;;;;;;;;;;;;;;;;;;;;;;
;;;;1;;;;;;;;;;;1;;;;;;;;;;;;;;;;;;;;;;;;;;;;;;;;;;;;;;;;;;;;;;;;;;;;;;;;;;;;
;;;;1;;;;;;;;;;;1;;;;;;;;;;;;;;;;;;;;;;;;;;;;;;;;;;;;;;;;;;;;;;;;;;;;;;;;;;;;
;;;;1;;;;;;;;;;;0;;;;;;;;;;;;;;;;;;;;;;;;;;;;;;;;;;;;;;;;;;;;;;;;;;;;;;;;;;;;
;;;;1;;;;;;;;;;;;;;;;;;;;;;;;;;;;;;;;;;;;;;;;;;;;;;;;;;;;;;;;;;;;;;;;;;;;;;;
;;;;1;;;;;;;;;;;;;;;;;;;;;;;;;;;;;;;;;;;;;;;;;;;;;;;;;;;;;;;;;;;;;;;;;;;;;;;
;;;;1;;;;;;;;;;;;;;;;;;;;;;;;;;;;;;;;;;;;;;;;;;;;;;;;;;;;;;;;;;;;;;;;;;;;;;;
;;;;1;;;;;;;;;;;;;;;;;;;;;;;;;;;;;;;;;;;;;;;;;;;;;;;;;;;;;;;;;;;;;;;;;;;;;;;
;;;;1;;;;;;;;;;;;;;;;;;;;;;;;;;;;;;;;;;;;;;;;;;;;;;;;;;;;;;;;;;;;;;;;;;;;;;;
;;;;1;;;;;;;;;;;;;;;;;;;;;;;;;;;;;;;;;;;;;;;;;;;;;;;;;;;;;;;;;;;;;;;;;;;;;;;
;;;;1;;;;;;;;;;;;;;;;;;;;;;;;;;;;;;;;;;;;;;;;;;;;;;;;;;;;;;;;;;;;;;;;;;;;;;;
;;;;1;;;;;;;;;;;;;;;;;;;;;;;;;;;;;;;;;;;;;;;;;;;;;;;;;;;;;;;;;;;;;;;;;;;;;;;
;;;;1;;;;;;;;;;;;;;;;;;;;;;;;;;;;;;;;;;;;;;;;;;;;;;;;;;;;;;;;;;;;;;;;;;;;;;;
;;;;1;;;;;;;;;;;;;;;;;;;;;;;;;;;;;;;;;;;;;;;;;;;;;;;;;;;;;;;;;;;;;;;;;;;;;;;
;;;;1;;;;;;;;;;;;;;;;;;;;;;;;;;;;;;;;;;;;;;;;;;;;;;;;;;;;;;;;;;;;;;;;;;;;;;;
;;;;0;;;;;;;;;;;;;;;;;;;;;;;;;;;;;;;;;;;;;;;;;;;;;;;;;;;;;;;;;;;;;;;;;;;;;;;
